Workbook

Sheet students
A1: STT | B1: StudentID | C1: LopID | D1: HoSV | E1: TenSV | F1: Phai | G1: NgaySinh | H1: SoDienThoai | I1: CMND
A2: =ROW()-1 -> 1 | B2: 122000002 | C2: 22CT111 | D2: Nguyễn Hoàng | E2: Quốc | F2: Nam | G2: 37997 | H2: 939439479
A3: =ROW()-1 -> 2 | B3: 122000015 | C3: 22CT111 | D3: Mai Trung Hoài | E3: Phong | F3: Nam | G3: 16/10/2004 | H3: 824997687 | I3: 75204002778
A4: =ROW()-1 -> 3 | B4: 122000057 | C4: 22CT111 | D4: Diệp Thị Mỹ | E4: Hằng | F4: Nữ | G4: 19/12/2003 | H4: 937018921 | I4: 58303001234
A5: =ROW()-1 -> 4 | B5: 122000090 | C5: 22CT111 | D5: Nguyễn Trung | E5: Nghĩa | F5: Nam | G5: 23/11/2004 | H5: 839446137 | I5: 75204012276
A6: =ROW()-1 -> 5 | B6: 122000093 | C6: 22CT111 | D6: Trương Quốc | E6: Hòa | F6: Nam | G6: 28/08/2004 | H6: 778754895 | I6: 72204012261
A7: =ROW()-1 -> 6 | B7: 122000111 | C7: 22CT111 | D7: Phạm Anh | E7: Đức | F7: Nam | G7: 30/04/2004 | H7: 973894731 | I7: 75204012577
A8: =ROW()-1 -> 7 | B8: 122000209 | C8: 22CT111 | D8: Lê Tuấn | E8: Anh | F8: Nam | G8: 38049 | H8: 388169322 | I8: 54204009222
A9: =ROW()-1 -> 8 | B9: 122000224 | C9: 22CT111 | D9: Trương Nguyên | E9: Giáp | F9: Nam | G9: 38021 | H9: 368609650 | I9: 75204018457
A10: =ROW()-1 -> 9 | B10: 122000232 | C10: 22CT111 | D10: Hà Vũ | E10: Khải | F10: Nam | G10: 23/10/2004 | H10: 356813741 | I10: 75204021608
A11: =ROW()-1 -> 10 | B11: 122000246 | C11: 22CT111 | D11: Ngô Minh | E11: Quân | F11: Nam | G11: 19/11/2004 | H11: 931468624 | I11: 75204004537
A12: =ROW()-1 -> 11 | B12: 122000248 | C12: 22CT111 | D12: Lê Anh | E12: Khôi | F12: Nam | G12: 37996 | H12: 764077358 | I12: 75204008330
A13: =ROW()-1 -> 12 | B13: 122000268 | C13: 22CT111 | D13: Vũ Tiến | E13: Đức | F13: Nam | G13: 24/08/2004 | H13: 984814271 | I13: 276042253
A14: =ROW()-1 -> 13 | B14: 122000315 | C14: 22CT111 | D14: Trần Mạnh | E14: Thái | F14: Nam | G14: 17/06/2004 | H14: 868994544 | I14: 75204013148
A15: =ROW()-1 -> 14 | B15: 122000326 | C15: 22CT111 | D15: Hàn Quốc Phú | E15: Hân | F15: Nam | G15: 25/12/2004 | H15: 911176340 | I15: 45204003690
A16: =ROW()-1 -> 15 | B16: 122000336 | C16: 22CT111 | D16: Nguyễn Trần Trung | E16: Kiên | F16: Nam | G16: 19/01/2003 | H16: 888827445 | I16: 75203001146
A17: =ROW()-1 -> 16 | B17: 122000343 | C17: 22CT111 | D17: Huỳnh Minh | E17: Sang | F17: Nam | G17: 38330 | H17: 961810760 | I17: 75204003851
A18: =ROW()-1 -> 17 | B18: 122000357 | C18: 22CT111 | D18: Trần Võ Quốc | E18: Huy | F18: Nam | G18: 20/06/2004 | H18: 825493712 | I18: 75204019211
A19: =ROW()-1 -> 18 | B19: 122000385 | C19: 22CT111 | D19: Lê Nguyễn Minh | E19: Chiến | F19: Nam | G19: 38268 | H19: 982786983 | I19: 75204014281
A20: =ROW()-1 -> 19 | B20: 122000386 | C20: 22CT111 | D20: Trần Đăng | E20: Khoa | F20: Nam | G20: 15/01/2004 | H20: 914753165 | I20: 75204007239
A21: =ROW()-1 -> 20 | B21: 122000404 | C21: 22CT111 | D21: Trần Văn | E21: Hưng | F21: Nam | G21: 38025 | H21: 848180018 | I21: 75204007156
A22: =ROW()-1 -> 21 | B22: 122000455 | C22: 22CT111 | D22: Nguyễn Trường | E22: Duy | F22: Nam | G22: 27/03/2002 | H22: 372666743 | I22: 75202014852
A23: =ROW()-1 -> 22 | B23: 122000490 | C23: 22CT111 | D23: Trần Châu | E23: Quý | F23: Nam | G23: 38140 | H23: 908998503 | I23: 75204010900
A24: =ROW()-1 -> 23 | B24: 122000520 | C24: 22CT111 | D24: Phạm Gia | E24: Thoại | F24: Nam | G24: 25/01/2004 | H24: 931059840 | I24: 91204017115
A25: =ROW()-1 -> 24 | B25: 122000598 | C25: 22CT111 | D25: Phạm Nguyễn Quốc | E25: Huy | F25: Nam | G25: 25/12/2004 | H25: 364064731 | I25: 75204006039
A26: =ROW()-1 -> 25 | B26: 122000601 | C26: 22CT111 | D26: Nguyễn Tiến | E26: Trường | F26: Nam | G26: 14/08/2004 | H26: 335520911 | I26: 75204008783
A27: =ROW()-1 -> 26 | B27: 122000682 | C27: 22CT111 | D27: Nguyễn Tiến | E27: Phúc | F27: Nam | G27: 19/09/2004 | H27: 824646679 | I27: 87204019062
A28: =ROW()-1 -> 27 | B28: 122000970 | C28: 22CT111 | D28: Lê Huỳnh | E28: Phúc | F28: Nam | G28: 13/08/2004 | H28: 966186920 | I28: 272985046
A29: =ROW()-1 -> 28 | B29: 122001011 | C29: 22CT111 | D29: Lê Đức | E29: Thịnh | F29: Nam | G29: 37989 | H29: 367075722 | I29: 30204006670
A30: =ROW()-1 -> 29 | B30: 122001282 | C30: 22CT111 | D30: Phạm | E30: Dũng | F30: Nam | G30: 38211 | H30: 976541503 | I30: 75204012420
A31: =ROW()-1 -> 30 | B31: 122001350 | C31: 22CT111 | D31: Lại Xuân | E31: Quang | F31: Nam | G31: 29/11/2004 | H31: 325906617 | I31: 67204000342
A32: =ROW()-1 -> 31 | B32: 122001361 | C32: 22CT111 | D32: Nguyễn Đức | E32: Phúc | F32: Nam | G32: 25/06/2003 | H32: 961763318 | I32: 187913543
A33: =ROW()-1 -> 32 | B33: 121000156 | C33: 22CT112 | D33: Nguyễn Linh Quốc | E33: Bảo | F33: Nam | G33: 28/11/2003 | H33: 948418743 | I33: 276057510
A34: =ROW()-1 -> 33 | B34: 121001240 | C34: 22CT112 | D34: Đỗ Khắc | E34: Đức | F34: Nam | G34: 37298 | H34: 902186519 | I34: 272965950
A35: =ROW()-1 -> 34 | B35: 122000118 | C35: 22CT112 | D35: Nguyễn Khánh | E35: Tâm | F35: Nam | G35: 38111 | H35: 963296424 | I35: 75204016838
A36: =ROW()-1 -> 35 | B36: 122000163 | C36: 22CT112 | D36: Trần Gia | E36: Huy | F36: Nam | G36: 15/09/2004 | H36: 933064408 | I36: 80204010592
A37: =ROW()-1 -> 36 | B37: 122000181 | C37: 22CT112 | D37: Vũ Văn | E37: Phú | F37: Nam | G37: 19/07/2004 | H37: 865864336 | I37: 40204026723
A38: =ROW()-1 -> 37 | B38: 122000273 | C38: 22CT112 | D38: Dương Đình | E38: Đăng | F38: Nam | G38: 38240 | H38: 917693916 | I38: 75204022693
A39: =ROW()-1 -> 38 | B39: 122000331 | C39: 22CT112 | D39: Nguyễn Thế Minh | E39: Thiện | F39: Nam | G39: 22/04/2004 | H39: 369246243 | I39: 74204003284
A40: =ROW()-1 -> 39 | B40: 122000421 | C40: 22CT112 | D40: Nguyễn Sơn Phi | E40: Hoàng | F40: Nam | G40: 37989 | H40: 346980771 | I40: 75204002569
A41: =ROW()-1 -> 40 | B41: 122000537 | C41: 22CT112 | D41: Trịnh Vũ Tuấn | E41: Minh | F41: Nam | G41: 38170 | H41: 357976359 | I41: 272984344
A42: =ROW()-1 -> 41 | B42: 122000550 | C42: 22CT112 | D42: Tạ Ngọc Phi | E42: Phi | F42: Nam | G42: 17/10/2004 | H42: 348214308 | I42: 37204006491
A43: =ROW()-1 -> 42 | B43: 122000575 | C43: 22CT112 | D43: Nguyễn Doãn Minh | E43: Như | F43: Nữ | G43: 38143 | H43: 937384680 | I43: 75304024880
A44: =ROW()-1 -> 43 | B44: 122000584 | C44: 22CT112 | D44: Huỳnh Ngọc | E44: Nghị | F44: Nam | G44: 24/09/2004 | H44: 328301840 | I44: 54204010051
A45: =ROW()-1 -> 44 | B45: 122000644 | C45: 22CT112 | D45: Võ Đại | E45: Nhân | F45: Nam | G45: 38204 | H45: 388963814 | I45: 89204008523
A46: =ROW()-1 -> 45 | B46: 122000755 | C46: 22CT112 | D46: Nguyễn Duy | E46: Độ | F46: Nam | G46: 38298 | H46: 584285823 | I46: 38204002385
A47: =ROW()-1 -> 46 | B47: 122000757 | C47: 22CT112 | D47: Nguyễn Hoàng | E47: Hưng | F47: Nam | G47: 38268 | H47: 833911375 | I47: 74204006088
A48: =ROW()-1 -> 47 | B48: 122000759 | C48: 22CT112 | D48: Bùi Bình | E48: Minh | F48: Nam | G48: 19/10/2004 | H48: 973212834 | I48: 75204024440
A49: =ROW()-1 -> 48 | B49: 122000760 | C49: 22CT112 | D49: Phạm Bảo Minh | E49: Thế | F49: Nam | G49: 38292 | H49: 985078964 | I49: 75204021824
A50: =ROW()-1 -> 49 | B50: 122000800 | C50: 22CT112 | D50: Nguyễn Tấn | E50: Tài | F50: Nam | G50: 26/03/2004 | H50: 787696539 | I50: 54204000944
A51: =ROW()-1 -> 50 | B51: 122000805 | C51: 22CT112 | D51: Nguyễn Hồng | E51: Phong | F51: Nam | G51: 38055 | H51: 327895817 | I51: 42204007527
A52: =ROW()-1 -> 51 | B52: 122000843 | C52: 22CT112 | D52: Nguyễn Huy | E52: Quang | F52: Nam | G52: 38049 | H52: 588845537 | I52: 38204031601
A53: =ROW()-1 -> 52 | B53: 122000886 | C53: 22CT112 | D53: Chu Ngọc | E53: Sơn | F53: Nam | G53: 38018 | H53: 387950281 | I53: 75204002717
A54: =ROW()-1 -> 53 | B54: 122000917 | C54: 22CT112 | D54: Hoàng Thanh | E54: Nhật | F54: Nam | G54: 38088 | H54: 387011726 | I54: 75204007585
A55: =ROW()-1 -> 54 | B55: 122001021 | C55: 22CT112 | D55: Đinh Quang Tuấn | E55: Anh | F55: Nam | G55: 38232 | H55: 353560594 | I55: 75204019388
A56: =ROW()-1 -> 55 | B56: 122001025 | C56: 22CT112 | D56: Trần Đình | E56: Minh | F56: Nam | G56: 27/11/2002 | H56: 352085391 | I56: 66202013899
A57: =ROW()-1 -> 56 | B57: 122001067 | C57: 22CT112 | D57: Võ Tuấn | E57: Sĩ | F57: Nam | G57: 28/06/2004 | H57: 329135161 | I57: 52204001963
A58: =ROW()-1 -> 57 | B58: 122001144 | C58: 22CT112 | D58: Lê Hoàng | E58: Nguyên | F58: Nam | G58: 25/03/2004 | H58: 345703317 | I58: 54204000824
A59: =ROW()-1 -> 58 | B59: 122001208 | C59: 22CT112 | D59: Lê Trần | E59: Nam | F59: Nam | G59: 24/03/2004 | H59: 395834760 | I59: 54204000860
A60: =ROW()-1 -> 59 | B60: 122001209 | C60: 22CT112 | D60: Lê Quốc | E60: Anh | F60: Nam | G60: 13/09/2004 | H60: 387204605 | I60: 75204019595
A61: =ROW()-1 -> 60 | B61: 122001210 | C61: 22CT112 | D61: Lê Quốc | E61: Bảo | F61: Nam | G61: 13/09/2004 | H61: 866856490 | I61: 75204004037
A62: =ROW()-1 -> 61 | B62: 122001257 | C62: 22CT112 | D62: Nguyễn Việt | E62: Hưng | F62: Nam | G62: 18/11/2003 | H62: 339983840 | I62: 1203023987
A63: =ROW()-1 -> 62 | B63: 122001277 | C63: 22CT112 | D63: Hoàng Gia | E63: Huy | F63: Nam | G63: 21/12/2003 | H63: 971042524 | I63: 272944078
A64: =ROW()-1 -> 63 | B64: 122001280 | C64: 22CT112 | D64: Nguyễn Đình | E64: Phát | F64: Nam | G64: 24/09/2004 | H64: 988726204 | I64: 34204011842
A65: =ROW()-1 -> 64 | B65: 122001316 | C65: 22CT112 | D65: Nguyễn Anh | E65: Luân | F65: Nam | G65: 21/05/2004 | H65: 397493351 | I65: 54204000384
A66: =ROW()-1 -> 65 | B66: 122001605 | C66: 22CT112 | D66: Nguyễn Võ Quốc | E66: Bảo | F66: Nam | G66: 23/11/2003 | H66: 855863968
A67: =ROW()-1 -> 66 | B67: 122000042 | C67: 22CT113 | D67: Đinh Tấn | E67: Hùng | F67: Nam | G67: 18/10/2004 | H67: 982828004 | I67: 75204001699
A68: =ROW()-1 -> 67 | B68: 122000053 | C68: 22CT113 | D68: Lâm | E68: Manh | F68: Nam | G68: 38322 | H68: 378165438 | I68: 70204009594
A69: =ROW()-1 -> 68 | B69: 122000063 | C69: 22CT113 | D69: Bùi Kim | E69: Nhi | F69: Nữ | G69: 27/11/2004 | H69: 347597434 | I69: 75304019036
A70: =ROW()-1 -> 69 | B70: 122000153 | C70: 22CT113 | D70: Lê Chí | E70: Tường | F70: Nam | G70: 38200 | H70: 984707674 | I70: 75204017982
A71: =ROW()-1 -> 70 | B71: 122000156 | C71: 22CT113 | D71: Đinh Công | E71: Hiếu | F71: Nam | G71: 16/10/2004 | H71: 978125614 | I71: 19204003014
A72: =ROW()-1 -> 71 | B72: 122000186 | C72: 22CT113 | D72: Vũ Nguyễn Quang | E72: Thiện | F72: Nam | G72: 24/06/2004 | H72: 983821884 | I72: 75204017625
A73: =ROW()-1 -> 72 | B73: 122000220 | C73: 22CT113 | D73: Bùi Hữu | E73: Phước | F73: Nam | G73: 17/04/2004 | H73: 982675191 | I73: 276027915
A74: =ROW()-1 -> 73 | B74: 122000227 | C74: 22CT113 | D74: Tạ Ngọc | E74: Chương | F74: Nam | G74: 18/09/2004 | H74: 393972494 | I74: 276128049
A75: =ROW()-1 -> 74 | B75: 122000275 | C75: 22CT113 | D75: Nguyễn Nguyên | E75: Hoàng | F75: Nam | G75: 15/09/2004 | H75: 706815466 | I75: 75204015540
A76: =ROW()-1 -> 75 | B76: 122000295 | C76: 22CT113 | D76: Đặng Hoàng Minh | E76: Quân | F76: Nam | G76: 15/06/2004 | H76: 976026004 | I76: 75204008496
A77: =ROW()-1 -> 76 | B77: 122000309 | C77: 22CT113 | D77: Nguyễn Lê | E77: Hoàng | F77: Nam | G77: 37865 | H77: 879057312 | I77: 66203005619
A78: =ROW()-1 -> 77 | B78: 122000338 | C78: 22CT113 | D78: Đặng Trần Nguyên | E78: Khang | F78: Nam | G78: 38048 | H78: 359208596 | I78: 70204011721
A79: =ROW()-1 -> 78 | B79: 122000401 | C79: 22CT113 | D79: Vương Hoàng | E79: Nam | F79: Nam | G79: 21/12/2004 | H79: 362567818 | I79: 75204019630
A80: =ROW()-1 -> 79 | B80: 122000405 | C80: 22CT113 | D80: Phan Trần Trung | E80: Hiếu | F80: Nam | G80: 30/09/2004 | H80: 798032210 | I80: 272984890
A81: =ROW()-1 -> 80 | B81: 122000426 | C81: 22CT113 | D81: Nguyễn Văn | E81: Hậu | F81: Nam | G81: 37990 | H81: 379188976 | I81: 70204001546
A82: =ROW()-1 -> 81 | B82: 122000510 | C82: 22CT113 | D82: Nguyễn Hữu | E82: Nhật | F82: Nam | G82: 37987 | H82: 377671847 | I82: 54204001949
A83: =ROW()-1 -> 82 | B83: 122000564 | C83: 22CT113 | D83: Nguyễn Thành | E83: Nhân | F83: Nam | G83: 38112 | H83: 933669137 | I83: 272990882
A84: =ROW()-1 -> 83 | B84: 122000661 | C84: 22CT113 | D84: Trần Đức | E84: Huy | F84: Nam | G84: 38331 | H84: 332720697 | I84: 74204001157
A85: =ROW()-1 -> 84 | B85: 122000725 | C85: 22CT113 | D85: Phan Hoàng | E85: Anh | F85: Nam | G85: 22/09/2004 | H85: 867690787 | I85: 66204011822
A86: =ROW()-1 -> 85 | B86: 122000749 | C86: 22CT113 | D86: Nguyễn Đặng Giang | E86: Trường | F86: Nam | G86: 30/06/2004 | H86: 327986472 | I86: 54204004879
A87: =ROW()-1 -> 86 | B87: 122000796 | C87: 22CT113 | D87: Trần Tấn | E87: Đạt | F87: Nam | G87: 38300 | H87: 772792004 | I87: 66204007014
A88: =ROW()-1 -> 87 | B88: 122000798 | C88: 22CT113 | D88: Trần Cẩm | E88: Ly | F88: Nữ | G88: 37843 | H88: 842958696 | I88: 75303016711
A89: =ROW()-1 -> 88 | B89: 122000810 | C89: 22CT113 | D89: Nguyễn Văn | E89: Minh | F89: Nam | G89: 38207 | H89: 378818596 | I89: 38204028545
A90: =ROW()-1 -> 89 | B90: 122000814 | C90: 22CT113 | D90: Nguyễn Thành | E90: Tài | F90: Nam | G90: 16/01/2004 | H90: 918180969 | I90: 75204002164
A91: =ROW()-1 -> 90 | B91: 122000821 | C91: 22CT113 | D91: Nguyễn Khánh | E91: Duy | F91: Nam | G91: 38086 | H91: 963047160 | I91: 75204003707
A92: =ROW()-1 -> 91 | B92: 122000848 | C92: 22CT113 | D92: Hoàng Minh | E92: Hải | F92: Nam | G92: 17/11/2004 | H92: 376987960 | I92: 75204008738
A93: =ROW()-1 -> 92 | B93: 122000860 | C93: 22CT113 | D93: Trần Trọng | E93: Thuận | F93: Nam | G93: 15/11/2004 | H93: 941619163 | I93: 75204002720
A94: =ROW()-1 -> 93 | B94: 122000942 | C94: 22CT113 | D94: Trịnh | E94: Khôi | F94: Nam | G94: 36868 | H94: 915741652 | I94: 272782146
A95: =ROW()-1 -> 94 | B95: 122000971 | C95: 22CT113 | D95: Nguyễn Trung | E95: Tài | F95: Nam | G95: 37987 | H95: 865667704 | I95: 58204000227
A96: =ROW()-1 -> 95 | B96: 122000973 | C96: 22CT113 | D96: Phạm Trần Anh | E96: Tú | F96: Nam | G96: 30/01/2004 | H96: 923390094 | I96: 75204003269
A97: =ROW()-1 -> 96 | B97: 122001039 | C97: 22CT113 | D97: Võ Ngọc | E97: Hòa | F97: Nam | G97: 19/03/2004 | H97: 327504298 | I97: 60204006176
A98: =ROW()-1 -> 97 | B98: 122001042 | C98: 22CT113 | D98: Trương Trung | E98: Tín | F98: Nam | G98: 20/11/2003 | H98: 866684277 | I98: 77203002826
A99: =ROW()-1 -> 98 | B99: 122001061 | C99: 22CT113 | D99: Phùng Mạnh | E99: Dũng | F99: Nam | G99: 38148 | H99: 349106174 | I99: 67204003473
A100: =ROW()-1 -> 99 | B100: 122001087 | C100: 22CT113 | D100: Bùi Hữu | E100: Thắng | F100: Nam | G100: 23/02/2004 | H100: 823583538 | I100: 75204014959
...

Sheet F_DangKiGiaoVien
A1: =IFERROR(__xludf.DUMMYFUNCTION("IMPORTRANGE(""https://docs.google.com/spreadsheets/d/1HtseJEbWZNzqg9UC7KaFWDompUG47h_TcSWC6V-BuSo/edit?resourcekey=&gid=903065054#gid=903065054"",""Form Responses 1!A:Q"")"),"Timestamp") -> Timestamp | B1: =IFERROR(__xludf.DUMMYFUNCTION("""COMPUTED_VALUE"""),"Email Address") -> Email Address | C1: =IFERROR(__xludf.DUMMYFUNCTION("""COMPUTED_VALUE"""),"MSSV") -> MSSV | D1: =IFERROR(__xludf.DUMMYFUNCTION("""COMPUTED_VALUE"""),"Họ và tên") -> Họ và tên | E1: =IFERROR(__xludf.DUMMYFUNCTION("""COMPUTED_VALUE"""),"Số điện thoại") -> Số điện thoại | F1: =IFERROR(__xludf.DUMMYFUNCTION("""COMPUTED_VALUE"""),"Lớp") -> Lớp | G1: =IFERROR(__xludf.DUMMYFUNCTION("""COMPUTED_VALUE"""),"Thuộc diện") -> Thuộc diện | H1: =IFERROR(__xludf.DUMMYFUNCTION("""COMPUTED_VALUE"""),"Giáo viên hướng dẫn") -> Giáo viên hướng dẫn | I1: =IFERROR(__xludf.DUMMYFUNCTION("""COMPUTED_VALUE"""),"Tên Giáo viên (khi chọn Giáo viên khác)") -> Tên Giáo viên (khi chọn Giáo viên khác) | J1: =IFERROR(__xludf.DUMMYFUNCTION("""COMPUTED_VALUE"""),"Tên đề tài") -> Tên đề tài | K1: =IFERROR(__xludf.DUMMYFUNCTION("""COMPUTED_VALUE"""),"Mục tiêu") -> Mục tiêu | L1: =IFERROR(__xludf.DUMMYFUNCTION("""COMPUTED_VALUE"""),"Nội dung thực hiện") -> Nội dung thực hiện | M1: =IFERROR(__xludf.DUMMYFUNCTION("""COMPUTED_VALUE"""),"Ghi chú (Nếu có)") -> Ghi chú (Nếu có) | N1: =IFERROR(__xludf.DUMMYFUNCTION("""COMPUTED_VALUE"""),"Số quyết đinh đặc cách (Nếu chưa có ghi rõ là được đặc cách do trường hợp nào)") -> Số quyết đinh đặc cách (Nếu chưa có ghi rõ là được đặc cách do trường hợp nào) | O1: =IFERROR(__xludf.DUMMYFUNCTION("""COMPUTED_VALUE"""),"Số điểm được đặc cách") -> Số điểm được đặc cách | P1: =IFERROR(__xludf.DUMMYFUNCTION("""COMPUTED_VALUE"""),"Minh chứng về việc đặc cách (Sinh viên nộp các minh chứng được đặc cách)") -> Minh chứng về việc đặc cách (Sinh viên nộp các minh chứng được đặc cách) | Q1: =IFERROR(__xludf.DUMMYFUNCTION("""COMPUTED_VALUE"""),"Đợt tốt nghiệp") -> Đợt tốt nghiệp
A2: =IFERROR(__xludf.DUMMYFUNCTION("""COMPUTED_VALUE"""),45820.40870215278) -> 45820.409 | B2: =IFERROR(__xludf.DUMMYFUNCTION("""COMPUTED_VALUE"""),"thanhdanhdnbk@gmail.com") -> thanhdanhdnbk@gmail.com | C2: =IFERROR(__xludf.DUMMYFUNCTION("""COMPUTED_VALUE"""),5.24000481E8) -> 524000481 | D2: =IFERROR(__xludf.DUMMYFUNCTION("""COMPUTED_VALUE"""),"Đặng Giang Thành Danh") -> Đặng Giang Thành Danh | E2: =IFERROR(__xludf.DUMMYFUNCTION("""COMPUTED_VALUE"""),"0815874119") -> 0815874119 | F2: =IFERROR(__xludf.DUMMYFUNCTION("""COMPUTED_VALUE"""),"24CT502") -> 24CT502 | G2: =IFERROR(__xludf.DUMMYFUNCTION("""COMPUTED_VALUE"""),"Thực hiện đồ án tốt nghiệp") -> Thực hiện đồ án tốt nghiệp | H2: =IFERROR(__xludf.DUMMYFUNCTION("""COMPUTED_VALUE"""),"Văn Đình Vỹ Phương") -> Văn Đình Vỹ Phương | J2: =IFERROR(__xludf.DUMMYFUNCTION("""COMPUTED_VALUE"""),"Nghiên cứu và triển khai mạng Mesh lai (Hybird Mesh Networks) kết hợp công nghệ có dây và không dây để nâng cao hiệu suất") -> Nghiên cứu và triển khai mạng Mesh lai (Hybird Mesh Networks) kết hợp công nghệ có dây và không dây để nâng cao hiệu suất | K2: =IFERROR(__xludf.DUMMYFUNCTION("""COMPUTED_VALUE"""),"Nâng cao hiệu suất Wifi hỗ trợ Giao viên giảng dạy và kết nối Camera trong lớp học") -> Nâng cao hiệu suất Wifi hỗ trợ Giao viên giảng dạy và kết nối Camera trong lớp học | L2: =IFERROR(__xludf.DUMMYFUNCTION("""COMPUTED_VALUE"""),"Cấu hình Router và thực hiện kết nối Mesh không dây và có dây") -> Cấu hình Router và thực hiện kết nối Mesh không dây và có dây | Q2: =IFERROR(__xludf.DUMMYFUNCTION("""COMPUTED_VALUE"""),"TNDHLTK24_20251001") -> TNDHLTK24_20251001
A3: =IFERROR(__xludf.DUMMYFUNCTION("""COMPUTED_VALUE"""),45820.41710918982) -> 45820.417 | B3: =IFERROR(__xludf.DUMMYFUNCTION("""COMPUTED_VALUE"""),"netquochai@gmail.com") -> netquochai@gmail.com | C3: =IFERROR(__xludf.DUMMYFUNCTION("""COMPUTED_VALUE"""),7.24000021E8) -> 724000021 | D3: =IFERROR(__xludf.DUMMYFUNCTION("""COMPUTED_VALUE"""),"Trần Quốc Hải") -> Trần Quốc Hải | E3: =IFERROR(__xludf.DUMMYFUNCTION("""COMPUTED_VALUE"""),"0912248361") -> 0912248361 | F3: =IFERROR(__xludf.DUMMYFUNCTION("""COMPUTED_VALUE"""),"24CT703") -> 24CT703 | G3: =IFERROR(__xludf.DUMMYFUNCTION("""COMPUTED_VALUE"""),"Thực hiện đồ án tốt nghiệp") -> Thực hiện đồ án tốt nghiệp | H3: =IFERROR(__xludf.DUMMYFUNCTION("""COMPUTED_VALUE"""),"Phan Mạnh Thường") -> Phan Mạnh Thường | J3: =IFERROR(__xludf.DUMMYFUNCTION("""COMPUTED_VALUE"""),"HỆ THỐNG QUẢN LÝ PHÒNG KHÁM") -> HỆ THỐNG QUẢN LÝ PHÒNG KHÁM | K3: =IFERROR(__xludf.DUMMYFUNCTION("""COMPUTED_VALUE"""),"Xây dựng hệ thống quản lý toàn bộ hoạt động phòng khám") -> Xây dựng hệ thống quản lý toàn bộ hoạt động phòng khám | L3: =IFERROR(__xludf.DUMMYFUNCTION("""COMPUTED_VALUE"""),"Quản lý bệnh nhân, đơn thuốc, kho dược, báo cáo, phân quyền,..") -> Quản lý bệnh nhân, đơn thuốc, kho dược, báo cáo, phân quyền,.. | Q3: =IFERROR(__xludf.DUMMYFUNCTION("""COMPUTED_VALUE"""),"TNDHLTK24_20251001") -> TNDHLTK24_20251001
A4: =IFERROR(__xludf.DUMMYFUNCTION("""COMPUTED_VALUE"""),45820.8919641088) -> 45820.892 | B4: =IFERROR(__xludf.DUMMYFUNCTION("""COMPUTED_VALUE"""),"phancham516@gmail.com") -> phancham516@gmail.com | C4: =IFERROR(__xludf.DUMMYFUNCTION("""COMPUTED_VALUE"""),7.24000038E8) -> 724000038 | D4: =IFERROR(__xludf.DUMMYFUNCTION("""COMPUTED_VALUE"""),"Phan Thị Chăm") -> Phan Thị Chăm | E4: =IFERROR(__xludf.DUMMYFUNCTION("""COMPUTED_VALUE"""),"0917206462") -> 0917206462 | F4: =IFERROR(__xludf.DUMMYFUNCTION("""COMPUTED_VALUE"""),"24CT703") -> 24CT703 | G4: =IFERROR(__xludf.DUMMYFUNCTION("""COMPUTED_VALUE"""),"Thực hiện đồ án tốt nghiệp") -> Thực hiện đồ án tốt nghiệp | H4: =IFERROR(__xludf.DUMMYFUNCTION("""COMPUTED_VALUE"""),"Phan Mạnh Thường") -> Phan Mạnh Thường | J4: =IFERROR(__xludf.DUMMYFUNCTION("""COMPUTED_VALUE"""),"ỨNG DỤNG QUẢN LÝ KINH DOANH VỀ DỊCH VỤ VIỄN THÔNG VÀ CÔNG NGHỆ THÔNG TIN CỦA VNPT") -> ỨNG DỤNG QUẢN LÝ KINH DOANH VỀ DỊCH VỤ VIỄN THÔNG VÀ CÔNG NGHỆ THÔNG TIN CỦA VNPT | K4: =IFERROR(__xludf.DUMMYFUNCTION("""COMPUTED_VALUE"""),"THIẾT KẾ 1 WEB QUẢN LÝ KINH DOANH VỀ CÁC SẢN PHẨM DV CỦA VNPT") -> THIẾT KẾ 1 WEB QUẢN LÝ KINH DOANH VỀ CÁC SẢN PHẨM DV CỦA VNPT | L4: =IFERROR(__xludf.DUMMYFUNCTION("""COMPUTED_VALUE"""),"Xây dựng hệ thống trên nền tảng web hiện đại: HTML5, CSS3, JavaScript. VÀ kết hợp với Giao diện Responsive, sử dụng thư viện Bootstrap hoặc Tailwind CSS.") -> Xây dựng hệ thống trên nền tảng web hiện đại: HTML5, CSS3, JavaScript. VÀ kết hợp với Giao diện Responsive, sử dụng thư viện Bootstrap hoặc Tailwind CSS. | Q4: =IFERROR(__xludf.DUMMYFUNCTION("""COMPUTED_VALUE"""),"TNDHLTK24_20251001") -> TNDHLTK24_20251001
A5: =IFERROR(__xludf.DUMMYFUNCTION("""COMPUTED_VALUE"""),45821.55766284722) -> 45821.558 | B5: =IFERROR(__xludf.DUMMYFUNCTION("""COMPUTED_VALUE"""),"luongthiyenthanh98@gmail.com") -> luongthiyenthanh98@gmail.com | C5: =IFERROR(__xludf.DUMMYFUNCTION("""COMPUTED_VALUE"""),7.24000023E8) -> 724000023 | D5: =IFERROR(__xludf.DUMMYFUNCTION("""COMPUTED_VALUE"""),"Lương Thị Yến Thanh") -> Lương Thị Yến Thanh | E5: =IFERROR(__xludf.DUMMYFUNCTION("""COMPUTED_VALUE"""),"0912447870") -> 0912447870 | F5: =IFERROR(__xludf.DUMMYFUNCTION("""COMPUTED_VALUE"""),"24CT702") -> 24CT702 | G5: =IFERROR(__xludf.DUMMYFUNCTION("""COMPUTED_VALUE"""),"Thực hiện đồ án tốt nghiệp") -> Thực hiện đồ án tốt nghiệp | H5: =IFERROR(__xludf.DUMMYFUNCTION("""COMPUTED_VALUE"""),"Bùi Thị Thu Trang") -> Bùi Thị Thu Trang | J5: =IFERROR(__xludf.DUMMYFUNCTION("""COMPUTED_VALUE"""),"Thiết kế giao diện website") -> Thiết kế giao diện website | K5: =IFERROR(__xludf.DUMMYFUNCTION("""COMPUTED_VALUE"""),"Thiết kế giao diện website của một công ty truyền thông") -> Thiết kế giao diện website của một công ty truyền thông | L5: =IFERROR(__xludf.DUMMYFUNCTION("""COMPUTED_VALUE"""),"Thiết kế giao diện dựa trên Figma") -> Thiết kế giao diện dựa trên Figma | Q5: =IFERROR(__xludf.DUMMYFUNCTION("""COMPUTED_VALUE"""),"TNDHLTK24_20251001") -> TNDHLTK24_20251001
A6: =IFERROR(__xludf.DUMMYFUNCTION("""COMPUTED_VALUE"""),45821.7636853588) -> 45821.764 | B6: =IFERROR(__xludf.DUMMYFUNCTION("""COMPUTED_VALUE"""),"thutrang131217@gmail.com") -> thutrang131217@gmail.com | C6: =IFERROR(__xludf.DUMMYFUNCTION("""COMPUTED_VALUE"""),7.24000016E8) -> 724000016 | D6: =IFERROR(__xludf.DUMMYFUNCTION("""COMPUTED_VALUE"""),"Nguyễn Thị Thu Trang") -> Nguyễn Thị Thu Trang | E6: =IFERROR(__xludf.DUMMYFUNCTION("""COMPUTED_VALUE"""),"0393053661") -> 0393053661 | F6: =IFERROR(__xludf.DUMMYFUNCTION("""COMPUTED_VALUE"""),"24CT702") -> 24CT702 | G6: =IFERROR(__xludf.DUMMYFUNCTION("""COMPUTED_VALUE"""),"Thực hiện đồ án tốt nghiệp") -> Thực hiện đồ án tốt nghiệp | H6: =IFERROR(__xludf.DUMMYFUNCTION("""COMPUTED_VALUE"""),"Phan Mạnh Thường") -> Phan Mạnh Thường | J6: =IFERROR(__xludf.DUMMYFUNCTION("""COMPUTED_VALUE"""),"HỆ THỐNG QUẢN LÝ NHÂN SỰ TRƯỜNG HỌC") -> HỆ THỐNG QUẢN LÝ NHÂN SỰ TRƯỜNG HỌC | K6: =IFERROR(__xludf.DUMMYFUNCTION("""COMPUTED_VALUE"""),"Quản lý tập trung thông tin nhân sự, thời gian làm việc, nghỉ phép, phân công công việc một cách nhanh chóng, hiệu quả, rõ ràng và dễ quản lý.") -> Quản lý tập trung thông tin nhân sự, thời gian làm việc, nghỉ phép, phân công công việc một cách nhanh chóng, hiệu quả, rõ ràng và dễ quản lý. | L6: =IFERROR(__xludf.DUMMYFUNCTION("""COMPUTED_VALUE"""),"PHP") -> PHP | Q6: =IFERROR(__xludf.DUMMYFUNCTION("""COMPUTED_VALUE"""),"TNDHLTK24_20251001") -> TNDHLTK24_20251001
A7: =IFERROR(__xludf.DUMMYFUNCTION("""COMPUTED_VALUE"""),45823.36342793981) -> 45823.363 | B7: =IFERROR(__xludf.DUMMYFUNCTION("""COMPUTED_VALUE"""),"vinhle11196@gmail.com") -> vinhle11196@gmail.com | C7: =IFERROR(__xludf.DUMMYFUNCTION("""COMPUTED_VALUE"""),5.24000445E8) -> 524000445 | D7: =IFERROR(__xludf.DUMMYFUNCTION("""COMPUTED_VALUE"""),"Lê Xuân Vinh") -> Lê Xuân Vinh | E7: =IFERROR(__xludf.DUMMYFUNCTION("""COMPUTED_VALUE"""),"0879466660") -> 0879466660 | F7: =IFERROR(__xludf.DUMMYFUNCTION("""COMPUTED_VALUE"""),"24CT502") -> 24CT502 | G7: =IFERROR(__xludf.DUMMYFUNCTION("""COMPUTED_VALUE"""),"Thực hiện đồ án tốt nghiệp") -> Thực hiện đồ án tốt nghiệp | H7: =IFERROR(__xludf.DUMMYFUNCTION("""COMPUTED_VALUE"""),"Hồ Ngọc Hoàng Long") -> Hồ Ngọc Hoàng Long | I7: =IFERROR(__xludf.DUMMYFUNCTION("""COMPUTED_VALUE"""),"Hồ Ngọc Hoàng Long") -> Hồ Ngọc Hoàng Long | J7: =IFERROR(__xludf.DUMMYFUNCTION("""COMPUTED_VALUE"""),"Thống kê điện năng tiêu thụ") -> Thống kê điện năng tiêu thụ | K7: =IFERROR(__xludf.DUMMYFUNCTION("""COMPUTED_VALUE"""),"Phần mềm thống kê điện năng tiêu thụ") -> Phần mềm thống kê điện năng tiêu thụ | L7: =IFERROR(__xludf.DUMMYFUNCTION("""COMPUTED_VALUE"""),"Giao diện, Cơ sở dữ liệu và chương trình thu thập dữ liệu từ thiết bị theo dõi") -> Giao diện, Cơ sở dữ liệu và chương trình thu thập dữ liệu từ thiết bị theo dõi | Q7: =IFERROR(__xludf.DUMMYFUNCTION("""COMPUTED_VALUE"""),"TNDHLTK24_20251001") -> TNDHLTK24_20251001
A8: =IFERROR(__xludf.DUMMYFUNCTION("""COMPUTED_VALUE"""),45823.6617124537) -> 45823.662 | B8: =IFERROR(__xludf.DUMMYFUNCTION("""COMPUTED_VALUE"""),"hungvy1792@gmail.com") -> hungvy1792@gmail.com | C8: =IFERROR(__xludf.DUMMYFUNCTION("""COMPUTED_VALUE"""),5.24000162E8) -> 524000162 | D8: =IFERROR(__xludf.DUMMYFUNCTION("""COMPUTED_VALUE"""),"Nguyễn Hùng Vỹ") -> Nguyễn Hùng Vỹ | E8: =IFERROR(__xludf.DUMMYFUNCTION("""COMPUTED_VALUE"""),"0522543057") -> 0522543057 | F8: =IFERROR(__xludf.DUMMYFUNCTION("""COMPUTED_VALUE"""),"24CT501") -> 24CT501 | G8: =IFERROR(__xludf.DUMMYFUNCTION("""COMPUTED_VALUE"""),"Thực hiện đồ án tốt nghiệp") -> Thực hiện đồ án tốt nghiệp | H8: =IFERROR(__xludf.DUMMYFUNCTION("""COMPUTED_VALUE"""),"Hồ Ngọc Hoàng Long") -> Hồ Ngọc Hoàng Long | I8: =IFERROR(__xludf.DUMMYFUNCTION("""COMPUTED_VALUE"""),"Hồ Ngọc Hoàng Long") -> Hồ Ngọc Hoàng Long | J8: =IFERROR(__xludf.DUMMYFUNCTION("""COMPUTED_VALUE"""),"Website sàn thương mại điện tử nông sản sạch") -> Website sàn thương mại điện tử nông sản sạch | K8: =IFERROR(__xludf.DUMMYFUNCTION("""COMPUTED_VALUE"""),"Kết nối trực tiếp nông dân với người tiêu dùng: Giảm trung gian, tăng thu nhập cho nông dân. Đảm bảo nguồn hàng rõ nguồn gốc, chất lượng. Cung cấp thực phẩm sạch, an toàn và minh bạch: Ưu tiên nông sản đạt chứng nhận VietGAP, hữu cơ. Cập nhật thông t"&"in sản phẩm minh bạch (nguồn gốc, quy trình canh tác...). Xây dựng hệ sinh thái nông nghiệp số: Ứng dụng công nghệ để số hóa hoạt động thương mại nông sản. Hỗ trợ truy xuất nguồn gốc, thanh toán online, vận chuyển tối ưu. Tạo niềm tin và thói quen tiê"&"u dùng nông sản sạch: Nâng cao nhận thức người tiêu dùng về thực phẩm sạch. Định hướng tiêu dùng bền vững và vì sức khỏe cộng đồng. Hỗ trợ phát triển nông nghiệp bền vững: Khuyến khích mô hình canh tác sạch – xanh – bền vững. Tạo sân chơi thương mại "&"lành mạnh, cạnh tranh công bằng cho các nhà cung cấp nông sản. ") -> Kết nối trực tiếp nông dân với người tiêu dùng: Giảm trung gian, tăng thu nhập cho nông dân. Đảm bảo nguồn hàng rõ nguồn gốc, chất lượng. Cung cấp thực phẩm sạch, an toàn và minh bạch: Ưu tiên nông sản đạt chứng nhận VietGAP, hữu cơ. Cập nhật thông tin sản phẩm minh bạch (nguồn gốc, quy trình canh tác...). Xây dựng hệ sinh thái nông nghiệp số: Ứng dụng công nghệ để số hóa hoạt động thương mại nông sản. Hỗ trợ truy xuất nguồn gốc, thanh toán online, vận chuyển tối ưu. Tạo niềm tin và thói quen tiêu dùng nông sản sạch: Nâng cao nhận thức người tiêu dùng về thực phẩm sạch. Định hướng tiêu dùng bền vững và vì sức khỏe cộng đồng. Hỗ trợ phát triển nông nghiệp bền vững: Khuyến khích mô hình canh tác sạch – xanh – bền vững. Tạo sân chơi thương mại lành mạnh, cạnh tranh công bằng cho các nhà cung cấp nông sản. | L8: =IFERROR(__xludf.DUMMYFUNCTION("""COMPUTED_VALUE"""),"Website cung cấp các chức năng chính như: hiển thị sản phẩm nông sản theo danh mục, tìm kiếm – lọc thông minh, giỏ hàng và đặt hàng trực tuyến, quản lý đơn hàng, thanh toán trực tuyến, thông tin nhà cung cấp, minh chứng sản phẩm chất lượng, quản lý thông "&"tin cá nhân : đơn hàng, tài khoản, thanh toán,thông báo, chức năng mở cửa hàng để buôn bán sản phẩm, chức năng admin ") -> Website cung cấp các chức năng chính như: hiển thị sản phẩm nông sản theo danh mục, tìm kiếm – lọc thông minh, giỏ hàng và đặt hàng trực tuyến, quản lý đơn hàng, thanh toán trực tuyến, thông tin nhà cung cấp, minh chứng sản phẩm chất lượng, quản lý thông tin cá nhân : đơn hàng, tài khoản, thanh toán,thông báo, chức năng mở cửa hàng để buôn bán sản phẩm, chức năng admin | Q8: =IFERROR(__xludf.DUMMYFUNCTION("""COMPUTED_VALUE"""),"TNDHLTK24_20251001") -> TNDHLTK24_20251001
A9: =IFERROR(__xludf.DUMMYFUNCTION("""COMPUTED_VALUE"""),45824.60777797454) -> 45824.608 | B9: =IFERROR(__xludf.DUMMYFUNCTION("""COMPUTED_VALUE"""),"thutram10893@gmail.com") -> thutram10893@gmail.com | C9: =IFERROR(__xludf.DUMMYFUNCTION("""COMPUTED_VALUE"""),7.24000015E8) -> 724000015 | D9: =IFERROR(__xludf.DUMMYFUNCTION("""COMPUTED_VALUE"""),"Lê Thị Thu Trâm") -> Lê Thị Thu Trâm | E9: =IFERROR(__xludf.DUMMYFUNCTION("""COMPUTED_VALUE"""),"0349855817") -> 0349855817 | F9: =IFERROR(__xludf.DUMMYFUNCTION("""COMPUTED_VALUE"""),"24CT702") -> 24CT702 | G9: =IFERROR(__xludf.DUMMYFUNCTION("""COMPUTED_VALUE"""),"Thực hiện đồ án tốt nghiệp") -> Thực hiện đồ án tốt nghiệp | H9: =IFERROR(__xludf.DUMMYFUNCTION("""COMPUTED_VALUE"""),"Phan Mạnh Thường") -> Phan Mạnh Thường | I9: =IFERROR(__xludf.DUMMYFUNCTION("""COMPUTED_VALUE"""),"Nguyễn Minh Phúc") -> Nguyễn Minh Phúc | J9: =IFERROR(__xludf.DUMMYFUNCTION("""COMPUTED_VALUE"""),"Xây dựng web về trường học") -> Xây dựng web về trường học | K9: =IFERROR(__xludf.DUMMYFUNCTION("""COMPUTED_VALUE"""),"Cho người dùng có thể thêm các thông tin của trường ") -> Cho người dùng có thể thêm các thông tin của trường | L9: =IFERROR(__xludf.DUMMYFUNCTION("""COMPUTED_VALUE"""),"Sử dụng các ngôn ngữ đã được học") -> Sử dụng các ngôn ngữ đã được học | Q9: =IFERROR(__xludf.DUMMYFUNCTION("""COMPUTED_VALUE"""),"TNDHLTK24_20251001") -> TNDHLTK24_20251001
A10: =IFERROR(__xludf.DUMMYFUNCTION("""COMPUTED_VALUE"""),45824.7328519213) -> 45824.733 | B10: =IFERROR(__xludf.DUMMYFUNCTION("""COMPUTED_VALUE"""),"man1772003@gmail.com") -> man1772003@gmail.com | C10: =IFERROR(__xludf.DUMMYFUNCTION("""COMPUTED_VALUE"""),5.24000312E8) -> 524000312 | D10: =IFERROR(__xludf.DUMMYFUNCTION("""COMPUTED_VALUE"""),"Trần Ngọc Mẫn") -> Trần Ngọc Mẫn | E10: =IFERROR(__xludf.DUMMYFUNCTION("""COMPUTED_VALUE"""),"0814528145") -> 0814528145 | F10: =IFERROR(__xludf.DUMMYFUNCTION("""COMPUTED_VALUE"""),"24CT502") -> 24CT502 | G10: =IFERROR(__xludf.DUMMYFUNCTION("""COMPUTED_VALUE"""),"Thực hiện đồ án tốt nghiệp") -> Thực hiện đồ án tốt nghiệp | H10: =IFERROR(__xludf.DUMMYFUNCTION("""COMPUTED_VALUE"""),"Lê Chân Thiện Tâm") -> Lê Chân Thiện Tâm | J10: =IFERROR(__xludf.DUMMYFUNCTION("""COMPUTED_VALUE"""),"Website giao dịch nhà ở, căn hộ") -> Website giao dịch nhà ở, căn hộ | K10: =IFERROR(__xludf.DUMMYFUNCTION("""COMPUTED_VALUE"""),"Cho phép người dùng có nhu cầu cho thuê, mua bán nhà ở, căn hộ xem các thông tin về nhà ở, căn hộ được đăng trên website, thông tin liên hệ,... Giúp tiết kiệm thời gian công sức để tìm được nhà ở phù hợp với nhu cầu hoặc đăng bán") -> Cho phép người dùng có nhu cầu cho thuê, mua bán nhà ở, căn hộ xem các thông tin về nhà ở, căn hộ được đăng trên website, thông tin liên hệ,... Giúp tiết kiệm thời gian công sức để tìm được nhà ở phù hợp với nhu cầu hoặc đăng bán | L10: =IFERROR(__xludf.DUMMYFUNCTION("""COMPUTED_VALUE"""),"Gồm trang đăng bán, hiển thị các nhà ở căn hộ, cho phép đăng bán và cho thuê,...") -> Gồm trang đăng bán, hiển thị các nhà ở căn hộ, cho phép đăng bán và cho thuê,... | Q10: =IFERROR(__xludf.DUMMYFUNCTION("""COMPUTED_VALUE"""),"TNDHLTK24_20251001") -> TNDHLTK24_20251001
A11: =IFERROR(__xludf.DUMMYFUNCTION("""COMPUTED_VALUE"""),45824.81403146991) -> 45824.814 | B11: =IFERROR(__xludf.DUMMYFUNCTION("""COMPUTED_VALUE"""),"bienhoahong2891@gmail.com") -> bienhoahong2891@gmail.com | C11: =IFERROR(__xludf.DUMMYFUNCTION("""COMPUTED_VALUE"""),7.24000022E8) -> 724000022 | D11: =IFERROR(__xludf.DUMMYFUNCTION("""COMPUTED_VALUE"""),"Nguyễn Thị Nhung") -> Nguyễn Thị Nhung | E11: =IFERROR(__xludf.DUMMYFUNCTION("""COMPUTED_VALUE"""),"0375689786") -> 0375689786 | F11: =IFERROR(__xludf.DUMMYFUNCTION("""COMPUTED_VALUE"""),"24CT702") -> 24CT702 | G11: =IFERROR(__xludf.DUMMYFUNCTION("""COMPUTED_VALUE"""),"Thực hiện đồ án tốt nghiệp") -> Thực hiện đồ án tốt nghiệp | H11: =IFERROR(__xludf.DUMMYFUNCTION("""COMPUTED_VALUE"""),"Hồ Ngọc Hoàng Long") -> Hồ Ngọc Hoàng Long | I11: =IFERROR(__xludf.DUMMYFUNCTION("""COMPUTED_VALUE"""),"Hồ Ngọc Hoàng Long") -> Hồ Ngọc Hoàng Long | J11: =IFERROR(__xludf.DUMMYFUNCTION("""COMPUTED_VALUE"""),"Quản lý sổ liên lạc điện tử") -> Quản lý sổ liên lạc điện tử | K11: =IFERROR(__xludf.DUMMYFUNCTION("""COMPUTED_VALUE"""),"Xử lý nghiệp vụ và logic hệ thống Quản lý các chức năng như: điểm số, nhận xét, lớp học, người dùng (giáo viên, phụ huynh, học sinh). Thực hiện các chức năng thêm/sửa/xóa dữ liệu một cách bảo mật và chính xác. Cung cấp API cho front-end Xây dựng các R"&"estful API phục vụ việc lấy, cập nhật, thêm mới thông tin từ frontend gửi lên. Đảm bảo an toàn và phân quyền truy cập") -> Xử lý nghiệp vụ và logic hệ thống Quản lý các chức năng như: điểm số, nhận xét, lớp học, người dùng (giáo viên, phụ huynh, học sinh). Thực hiện các chức năng thêm/sửa/xóa dữ liệu một cách bảo mật và chính xác. Cung cấp API cho front-end Xây dựng các Restful API phục vụ việc lấy, cập nhật, thêm mới thông tin từ frontend gửi lên. Đảm bảo an toàn và phân quyền truy cập | L11: =IFERROR(__xludf.DUMMYFUNCTION("""COMPUTED_VALUE"""),"Xác thực người dùng qua token (JWT) hoặc session. Phân quyền: giáo viên chỉ thấy học sinh lớp mình; phụ huynh chỉ thấy con mình. Lưu trữ và truy xuất dữ liệu hiệu quả Thiết kế và tối ưu cơ sở dữ liệu (SQL hoặc NoSQL) để truy xuất nhanh và chính xác. L"&"ưu trữ lịch sử thay đổi (nếu cần), hỗ trợ sao lưu – khôi phục dữ liệu. Xử lý thông báo Gửi email/thông báo đến phụ huynh khi có cập nhật mới từ giáo viên.") -> Xác thực người dùng qua token (JWT) hoặc session. Phân quyền: giáo viên chỉ thấy học sinh lớp mình; phụ huynh chỉ thấy con mình. Lưu trữ và truy xuất dữ liệu hiệu quả Thiết kế và tối ưu cơ sở dữ liệu (SQL hoặc NoSQL) để truy xuất nhanh và chính xác. Lưu trữ lịch sử thay đổi (nếu cần), hỗ trợ sao lưu – khôi phục dữ liệu. Xử lý thông báo Gửi email/thông báo đến phụ huynh khi có cập nhật mới từ giáo viên. | Q11: =IFERROR(__xludf.DUMMYFUNCTION("""COMPUTED_VALUE"""),"TNDHLTK24_20251001") -> TNDHLTK24_20251001
A12: =IFERROR(__xludf.DUMMYFUNCTION("""COMPUTED_VALUE"""),45824.837321643514) -> 45824.837 | B12: =IFERROR(__xludf.DUMMYFUNCTION("""COMPUTED_VALUE"""),"dongthimyven1989@gmail.com") -> dongthimyven1989@gmail.com | C12: =IFERROR(__xludf.DUMMYFUNCTION("""COMPUTED_VALUE"""),7.24000029E8) -> 724000029 | D12: =IFERROR(__xludf.DUMMYFUNCTION("""COMPUTED_VALUE"""),"Đồng Thị Mỹ Vẹn") -> Đồng Thị Mỹ Vẹn | E12: =IFERROR(__xludf.DUMMYFUNCTION("""COMPUTED_VALUE"""),"0349853869") -> 0349853869 | F12: =IFERROR(__xludf.DUMMYFUNCTION("""COMPUTED_VALUE"""),"24CT702") -> 24CT702 | G12: =IFERROR(__xludf.DUMMYFUNCTION("""COMPUTED_VALUE"""),"Thực hiện đồ án tốt nghiệp") -> Thực hiện đồ án tốt nghiệp | H12: =IFERROR(__xludf.DUMMYFUNCTION("""COMPUTED_VALUE"""),"Hồ Ngọc Hoàng Long") -> Hồ Ngọc Hoàng Long | I12: =IFERROR(__xludf.DUMMYFUNCTION("""COMPUTED_VALUE"""),"Hồ Ngọc Hoàng Long") -> Hồ Ngọc Hoàng Long | J12: =IFERROR(__xludf.DUMMYFUNCTION("""COMPUTED_VALUE"""),"Quản lý sổ liên lạc điện tử") -> Quản lý sổ liên lạc điện tử | K12: =IFERROR(__xludf.DUMMYFUNCTION("""COMPUTED_VALUE"""),"Xây dựng giao diện người dùng thân thiện, dễ sử dụng Đảm bảo người dùng như phụ huynh, giáo viên, học sinh có thể thao tác dễ dàng trên nền tảng. Hiển thị rõ ràng các chức năng: xem điểm, nhận xét, thông báo, phản hồi,... Hiển thị dữ liệu động từ hệ th"&"ống backend Gọi API để lấy danh sách học sinh, điểm số, nhận xét, thông báo,... Đáp ứng nhiều thiết bị") -> Xây dựng giao diện người dùng thân thiện, dễ sử dụng Đảm bảo người dùng như phụ huynh, giáo viên, học sinh có thể thao tác dễ dàng trên nền tảng. Hiển thị rõ ràng các chức năng: xem điểm, nhận xét, thông báo, phản hồi,... Hiển thị dữ liệu động từ hệ thống backend Gọi API để lấy danh sách học sinh, điểm số, nhận xét, thông báo,... Đáp ứng nhiều thiết bị | L12: =IFERROR(__xludf.DUMMYFUNCTION("""COMPUTED_VALUE"""),"Thiết kế responsive để hoạt động tốt trên cả máy tính, tablet và điện thoại. Cung cấp trải nghiệm tương tác tốt Hỗ trợ người dùng nhập liệu, chọn lớp học, tìm kiếm học sinh, gửi phản hồi,... Tạo hiệu ứng hiển thị như loading, toast thông báo, xác nhận "&"gửi,... ") -> Thiết kế responsive để hoạt động tốt trên cả máy tính, tablet và điện thoại. Cung cấp trải nghiệm tương tác tốt Hỗ trợ người dùng nhập liệu, chọn lớp học, tìm kiếm học sinh, gửi phản hồi,... Tạo hiệu ứng hiển thị như loading, toast thông báo, xác nhận gửi,... | Q12: =IFERROR(__xludf.DUMMYFUNCTION("""COMPUTED_VALUE"""),"TNDHLTK24_20251001") -> TNDHLTK24_20251001
A13: =IFERROR(__xludf.DUMMYFUNCTION("""COMPUTED_VALUE"""),45824.8653697338) -> 45824.865 | B13: =IFERROR(__xludf.DUMMYFUNCTION("""COMPUTED_VALUE"""),"nhut123ok@gmail.com") -> nhut123ok@gmail.com | C13: =IFERROR(__xludf.DUMMYFUNCTION("""COMPUTED_VALUE"""),5.24000189E8) -> 524000189 | D13: =IFERROR(__xludf.DUMMYFUNCTION("""COMPUTED_VALUE"""),"Phan Nguyễn Nhựt") -> Phan Nguyễn Nhựt | E13: =IFERROR(__xludf.DUMMYFUNCTION("""COMPUTED_VALUE"""),"0376679487") -> 0376679487 | F13: =IFERROR(__xludf.DUMMYFUNCTION("""COMPUTED_VALUE"""),"24CT501") -> 24CT501 | G13: =IFERROR(__xludf.DUMMYFUNCTION("""COMPUTED_VALUE"""),"Thực hiện đồ án tốt nghiệp") -> Thực hiện đồ án tốt nghiệp | H13: =IFERROR(__xludf.DUMMYFUNCTION("""COMPUTED_VALUE"""),"Hồ Ngọc Hoàng Long") -> Hồ Ngọc Hoàng Long | I13: =IFERROR(__xludf.DUMMYFUNCTION("""COMPUTED_VALUE"""),"Hồ Ngọc Hoàng Long") -> Hồ Ngọc Hoàng Long | J13: =IFERROR(__xludf.DUMMYFUNCTION("""COMPUTED_VALUE"""),"Website cho mượn và quản lý sách tại thư viện") -> Website cho mượn và quản lý sách tại thư viện | K13: =IFERROR(__xludf.DUMMYFUNCTION("""COMPUTED_VALUE"""),"Mục tiêu Số hóa quy trình mượn – trả sách truyền thống Tự động hóa việc quản lý mượn, trả và theo dõi tình trạng sách để giảm thời gian và công sức cho thủ thư. Tạo nền tảng tra cứu và mượn sách trực tuyến cho người dùng Cho phép sinh viên, giáo viên "&"dễ dàng tìm kiếm sách, xem thông tin chi tiết, và đăng ký mượn sách từ xa. Nâng cao hiệu quả quản lý sách trong thư viện Quản trị viên dễ dàng quản lý kho sách, phân loại, cập nhật tình trạng sách, kiểm tra lịch sử mượn – trả và thống kê nhanh chóng. G"&"iảm thiểu sai sót và thất thoát sách Hệ thống ghi nhận tự động lịch sử mượn – trả, nhắc hạn trả sách và hỗ trợ kiểm tra tồn kho chính xác.") -> Mục tiêu Số hóa quy trình mượn – trả sách truyền thống Tự động hóa việc quản lý mượn, trả và theo dõi tình trạng sách để giảm thời gian và công sức cho thủ thư. Tạo nền tảng tra cứu và mượn sách trực tuyến cho người dùng Cho phép sinh viên, giáo viên dễ dàng tìm kiếm sách, xem thông tin chi tiết, và đăng ký mượn sách từ xa. Nâng cao hiệu quả quản lý sách trong thư viện Quản trị viên dễ dàng quản lý kho sách, phân loại, cập nhật tình trạng sách, kiểm tra lịch sử mượn – trả và thống kê nhanh chóng. Giảm thiểu sai sót và thất thoát sách Hệ thống ghi nhận tự động lịch sử mượn – trả, nhắc hạn trả sách và hỗ trợ kiểm tra tồn kho chính xác. | L13: =IFERROR(__xludf.DUMMYFUNCTION("""COMPUTED_VALUE"""),"Xây dựng website hệ thống cho mượn và quản lý sách tại thư viện nhằm hỗ trợ thư viện số hóa quá trình quản lý sách và hoạt động mượn – trả sách của người dùng một cách hiệu quả, nhanh chóng và chính xác. Hệ thống cho phép người dùng (sinh viên, giáo viên"&"...) tra cứu sách trực tuyến, đăng ký mượn sách, theo dõi lịch sử mượn – trả và nhận thông báo khi đến hạn trả sách. Quản trị viên có thể quản lý sách, danh mục, người dùng, và thống kê số liệu mượn") -> Xây dựng website hệ thống cho mượn và quản lý sách tại thư viện nhằm hỗ trợ thư viện số hóa quá trình quản lý sách và hoạt động mượn – trả sách của người dùng một cách hiệu quả, nhanh chóng và chính xác. Hệ thống cho phép người dùng (sinh viên, giáo viên...) tra cứu sách trực tuyến, đăng ký mượn sách, theo dõi lịch sử mượn – trả và nhận thông báo khi đến hạn trả sách. Quản trị viên có thể quản lý sách, danh mục, người dùng, và thống kê số liệu mượn | Q13: =IFERROR(__xludf.DUMMYFUNCTION("""COMPUTED_VALUE"""),"TNDHLTK24_20251001") -> TNDHLTK24_20251001
A14: =IFERROR(__xludf.DUMMYFUNCTION("""COMPUTED_VALUE"""),45824.875745578705) -> 45824.876 | B14: =IFERROR(__xludf.DUMMYFUNCTION("""COMPUTED_VALUE"""),"bacphan.info@gmail.com") -> bacphan.info@gmail.com | C14: =IFERROR(__xludf.DUMMYFUNCTION("""COMPUTED_VALUE"""),5.24000166E8) -> 524000166 | D14: =IFERROR(__xludf.DUMMYFUNCTION("""COMPUTED_VALUE"""),"Phan Ngọc Phương Bắc") -> Phan Ngọc Phương Bắc | E14: =IFERROR(__xludf.DUMMYFUNCTION("""COMPUTED_VALUE"""),"0367110215") -> 0367110215 | F14: =IFERROR(__xludf.DUMMYFUNCTION("""COMPUTED_VALUE"""),"24CT501") -> 24CT501 | G14: =IFERROR(__xludf.DUMMYFUNCTION("""COMPUTED_VALUE"""),"Thực hiện đồ án tốt nghiệp") -> Thực hiện đồ án tốt nghiệp | H14: =IFERROR(__xludf.DUMMYFUNCTION("""COMPUTED_VALUE"""),"Hoàng Hải Dương") -> Hoàng Hải Dương | I14: =IFERROR(__xludf.DUMMYFUNCTION("""COMPUTED_VALUE"""),"Hoàng Hải Dương") -> Hoàng Hải Dương | J14: =IFERROR(__xludf.DUMMYFUNCTION("""COMPUTED_VALUE"""),"WebLLM Booking") -> WebLLM Booking | K14: =IFERROR(__xludf.DUMMYFUNCTION("""COMPUTED_VALUE"""),"Xây dựng hệ thống quản lý booking khách sạn tiêu chuẩn với đầy đủ chức năng, kết họp với Agent AI và MCP tạo ra WebLLM có thể trả lời yêu cầu của khách hàng và tự động đặt phòng, kết hợp với thanh toán SePay và tự Check-in bằng QrCode") -> Xây dựng hệ thống quản lý booking khách sạn tiêu chuẩn với đầy đủ chức năng, kết họp với Agent AI và MCP tạo ra WebLLM có thể trả lời yêu cầu của khách hàng và tự động đặt phòng, kết hợp với thanh toán SePay và tự Check-in bằng QrCode | L14: =IFERROR(__xludf.DUMMYFUNCTION("""COMPUTED_VALUE"""),"1. Tạo hệ thống quản lý nhân sự, tài sản, thông tin doanh nghiệp 2. Tạo hệ thống quản lý booking trực quan trên dạng lịch 3. Tạo hệ thống thống kê và biểu đồ cơ bản để thống kê dữ liệu 4. Tạo Agent AI kết hợp MCP trên nền tảng N8N (sefl host) 5. Xây dựng "&"WebLLM thực hiện các yêu cầu của khách hàng. 6. Xây hệ thống thanh toán thông qua SePay và API webhook 7. Hệ thống check-in đơn giản khi khách nhận phòng bằng QrCode") -> 1. Tạo hệ thống quản lý nhân sự, tài sản, thông tin doanh nghiệp 2. Tạo hệ thống quản lý booking trực quan trên dạng lịch 3. Tạo hệ thống thống kê và biểu đồ cơ bản để thống kê dữ liệu 4. Tạo Agent AI kết hợp MCP trên nền tảng N8N (sefl host) 5. Xây dựng WebLLM thực hiện các yêu cầu của khách hàng. 6. Xây hệ thống thanh toán thông qua SePay và API webhook 7. Hệ thống check-in đơn giản khi khách nhận phòng bằng QrCode | Q14: =IFERROR(__xludf.DUMMYFUNCTION("""COMPUTED_VALUE"""),"TNDHLTK24_20251001") -> TNDHLTK24_20251001
A15: =IFERROR(__xludf.DUMMYFUNCTION("""COMPUTED_VALUE"""),45824.91698758102) -> 45824.917 | B15: =IFERROR(__xludf.DUMMYFUNCTION("""COMPUTED_VALUE"""),"nvhuyvu@gmail.com") -> nvhuyvu@gmail.com | C15: =IFERROR(__xludf.DUMMYFUNCTION("""COMPUTED_VALUE"""),7.24000014E8) -> 724000014 | D15: =IFERROR(__xludf.DUMMYFUNCTION("""COMPUTED_VALUE"""),"Nguyễn Văn Huy Vũ") -> Nguyễn Văn Huy Vũ | E15: =IFERROR(__xludf.DUMMYFUNCTION("""COMPUTED_VALUE"""),"0978816972") -> 0978816972 | F15: =IFERROR(__xludf.DUMMYFUNCTION("""COMPUTED_VALUE"""),"24CT702") -> 24CT702 | G15: =IFERROR(__xludf.DUMMYFUNCTION("""COMPUTED_VALUE"""),"Thực hiện đồ án tốt nghiệp") -> Thực hiện đồ án tốt nghiệp | H15: =IFERROR(__xludf.DUMMYFUNCTION("""COMPUTED_VALUE"""),"Hồ Ngọc Hoàng long") -> Hồ Ngọc Hoàng long | I15: =IFERROR(__xludf.DUMMYFUNCTION("""COMPUTED_VALUE"""),"Hồ Ngọc Hoàng long") -> Hồ Ngọc Hoàng long | J15: =IFERROR(__xludf.DUMMYFUNCTION("""COMPUTED_VALUE"""),"Xây dựng website cho công ty") -> Xây dựng website cho công ty | K15: =IFERROR(__xludf.DUMMYFUNCTION("""COMPUTED_VALUE"""),"Xây dựng 1 website quảng bá thương hiệu, giới thiệu sản phẩm của công ty") -> Xây dựng 1 website quảng bá thương hiệu, giới thiệu sản phẩm của công ty | L15: =IFERROR(__xludf.DUMMYFUNCTION("""COMPUTED_VALUE"""),"Thiết kế web") -> Thiết kế web | Q15: =IFERROR(__xludf.DUMMYFUNCTION("""COMPUTED_VALUE"""),"TNDHLTK24_20251001") -> TNDHLTK24_20251001
A16: =IFERROR(__xludf.DUMMYFUNCTION("""COMPUTED_VALUE"""),45825.57254916667) -> 45825.573 | B16: =IFERROR(__xludf.DUMMYFUNCTION("""COMPUTED_VALUE"""),"xuantu041085@gmail.com") -> xuantu041085@gmail.com | C16: =IFERROR(__xludf.DUMMYFUNCTION("""COMPUTED_VALUE"""),7.24000025E8) -> 724000025 | D16: =IFERROR(__xludf.DUMMYFUNCTION("""COMPUTED_VALUE"""),"Trần Lê Xuân Tứ") -> Trần Lê Xuân Tứ | E16: =IFERROR(__xludf.DUMMYFUNCTION("""COMPUTED_VALUE"""),"0919041085") -> 0919041085 | F16: =IFERROR(__xludf.DUMMYFUNCTION("""COMPUTED_VALUE"""),"24CT702") -> 24CT702 | G16: =IFERROR(__xludf.DUMMYFUNCTION("""COMPUTED_VALUE"""),"Thực hiện đồ án tốt nghiệp") -> Thực hiện đồ án tốt nghiệp | H16: =IFERROR(__xludf.DUMMYFUNCTION("""COMPUTED_VALUE"""),"Hồ Ngọc Hoàng Long") -> Hồ Ngọc Hoàng Long | I16: =IFERROR(__xludf.DUMMYFUNCTION("""COMPUTED_VALUE"""),"Hồ Ngọc Hoàng Long") -> Hồ Ngọc Hoàng Long | J16: =IFERROR(__xludf.DUMMYFUNCTION("""COMPUTED_VALUE"""),"Xây dựng website luyện tập toán cho hs lớp 5 với hình thức trắc nghiệm") -> Xây dựng website luyện tập toán cho hs lớp 5 với hình thức trắc nghiệm | K16: =IFERROR(__xludf.DUMMYFUNCTION("""COMPUTED_VALUE"""),"Xây dựng một website đơn giản, dễ sử dụng cho học sinh lớp 5 để luyện tập các bài tập toán theo chương trình mới.") -> Xây dựng một website đơn giản, dễ sử dụng cho học sinh lớp 5 để luyện tập các bài tập toán theo chương trình mới. | L16: =IFERROR(__xludf.DUMMYFUNCTION("""COMPUTED_VALUE"""),"Phân tích hệ thống cần xây dựng gồm các chức năng: Đăng nhập/đăng ký Luyện tập theo chuyên đề Làm bài thi thử Xem kết quả Quản lý câu hỏi (dành cho quản trị viên) ") -> Phân tích hệ thống cần xây dựng gồm các chức năng: Đăng nhập/đăng ký Luyện tập theo chuyên đề Làm bài thi thử Xem kết quả Quản lý câu hỏi (dành cho quản trị viên) | Q16: =IFERROR(__xludf.DUMMYFUNCTION("""COMPUTED_VALUE"""),"TNDHLTK24_20251001") -> TNDHLTK24_20251001
A17: =IFERROR(__xludf.DUMMYFUNCTION("""COMPUTED_VALUE"""),45825.89372246528) -> 45825.894 | B17: =IFERROR(__xludf.DUMMYFUNCTION("""COMPUTED_VALUE"""),"tranquangthaibd020288@gmail.com") -> tranquangthaibd020288@gmail.com | C17: =IFERROR(__xludf.DUMMYFUNCTION("""COMPUTED_VALUE"""),4.24000031E8) -> 424000031 | D17: =IFERROR(__xludf.DUMMYFUNCTION("""COMPUTED_VALUE"""),"Trần quang thái") -> Trần quang thái | E17: =IFERROR(__xludf.DUMMYFUNCTION("""COMPUTED_VALUE"""),"0973740740") -> 0973740740 | F17: =IFERROR(__xludf.DUMMYFUNCTION("""COMPUTED_VALUE"""),"24ct401") -> 24ct401 | G17: =IFERROR(__xludf.DUMMYFUNCTION("""COMPUTED_VALUE"""),"Thực hiện đồ án tốt nghiệp") -> Thực hiện đồ án tốt nghiệp | H17: =IFERROR(__xludf.DUMMYFUNCTION("""COMPUTED_VALUE"""),"Hồ Ngọc Hoàng Long") -> Hồ Ngọc Hoàng Long | I17: =IFERROR(__xludf.DUMMYFUNCTION("""COMPUTED_VALUE"""),"Hồ Ngọc Hoàng Long") -> Hồ Ngọc Hoàng Long | J17: =IFERROR(__xludf.DUMMYFUNCTION("""COMPUTED_VALUE"""),"Web quản lý giáo dục mầm non") -> Web quản lý giáo dục mầm non | K17: =IFERROR(__xludf.DUMMYFUNCTION("""COMPUTED_VALUE"""),"Giúp hiệu trưởng quản lý tốt mục tiêu giáo dục") -> Giúp hiệu trưởng quản lý tốt mục tiêu giáo dục | L17: =IFERROR(__xludf.DUMMYFUNCTION("""COMPUTED_VALUE"""),"Quản lý nhân sự, quản lý giáo án, phối hợp với phụ huynh chăm sóc trẻ tốt hơn") -> Quản lý nhân sự, quản lý giáo án, phối hợp với phụ huynh chăm sóc trẻ tốt hơn | Q17: =IFERROR(__xludf.DUMMYFUNCTION("""COMPUTED_VALUE"""),"TNDHLTK24_20251001") -> TNDHLTK24_20251001
A18: =IFERROR(__xludf.DUMMYFUNCTION("""COMPUTED_VALUE"""),45825.89700143518) -> 45825.897 | B18: =IFERROR(__xludf.DUMMYFUNCTION("""COMPUTED_VALUE"""),"trivuong8@gmail.com") -> trivuong8@gmail.com | C18: =IFERROR(__xludf.DUMMYFUNCTION("""COMPUTED_VALUE"""),7.24000019E8) -> 724000019 | D18: =IFERROR(__xludf.DUMMYFUNCTION("""COMPUTED_VALUE"""),"Vương Tri Vương") -> Vương Tri Vương | E18: =IFERROR(__xludf.DUMMYFUNCTION("""COMPUTED_VALUE"""),"0799708188") -> 0799708188 | F18: =IFERROR(__xludf.DUMMYFUNCTION("""COMPUTED_VALUE"""),"24CT702") -> 24CT702 | G18: =IFERROR(__xludf.DUMMYFUNCTION("""COMPUTED_VALUE"""),"Thực hiện đồ án tốt nghiệp") -> Thực hiện đồ án tốt nghiệp | H18: =IFERROR(__xludf.DUMMYFUNCTION("""COMPUTED_VALUE"""),"Hồ Ngọc Hoàng Long") -> Hồ Ngọc Hoàng Long | I18: =IFERROR(__xludf.DUMMYFUNCTION("""COMPUTED_VALUE"""),"Hồ Ngọc Hoàng Long") -> Hồ Ngọc Hoàng Long | J18: =IFERROR(__xludf.DUMMYFUNCTION("""COMPUTED_VALUE"""),"Quản Lý Mầm Non") -> Quản Lý Mầm Non | K18: =IFERROR(__xludf.DUMMYFUNCTION("""COMPUTED_VALUE"""),"giúp hiệu trưởng quản lý tốt mục tiêu giáo dục") -> giúp hiệu trưởng quản lý tốt mục tiêu giáo dục | L18: =IFERROR(__xludf.DUMMYFUNCTION("""COMPUTED_VALUE"""),"quản lý nhân sự, quản lý giáo án, phối hợp với phụ huynh chăm sóc trẻ tốt hơn") -> quản lý nhân sự, quản lý giáo án, phối hợp với phụ huynh chăm sóc trẻ tốt hơn | Q18: =IFERROR(__xludf.DUMMYFUNCTION("""COMPUTED_VALUE"""),"TNDHLTK24_20251001") -> TNDHLTK24_20251001
A19: =IFERROR(__xludf.DUMMYFUNCTION("""COMPUTED_VALUE"""),45826.34293126158) -> 45826.343 | B19: =IFERROR(__xludf.DUMMYFUNCTION("""COMPUTED_VALUE"""),"mysunshinemyhuong@gmail.com") -> mysunshinemyhuong@gmail.com | C19: =IFERROR(__xludf.DUMMYFUNCTION("""COMPUTED_VALUE"""),7.2400012E8) -> 724000120 | D19: =IFERROR(__xludf.DUMMYFUNCTION("""COMPUTED_VALUE"""),"Nguyễn Thị Hương") -> Nguyễn Thị Hương | E19: =IFERROR(__xludf.DUMMYFUNCTION("""COMPUTED_VALUE"""),"0983416176") -> 0983416176 | F19: =IFERROR(__xludf.DUMMYFUNCTION("""COMPUTED_VALUE"""),"24CT702") -> 24CT702 | G19: =IFERROR(__xludf.DUMMYFUNCTION("""COMPUTED_VALUE"""),"Thực hiện đồ án tốt nghiệp") -> Thực hiện đồ án tốt nghiệp | H19: =IFERROR(__xludf.DUMMYFUNCTION("""COMPUTED_VALUE"""),"HỒ NGỌC HOÀNG LONG") -> HỒ NGỌC HOÀNG LONG | I19: =IFERROR(__xludf.DUMMYFUNCTION("""COMPUTED_VALUE"""),"HỒ NGỌC HOÀNG LONG") -> HỒ NGỌC HOÀNG LONG | J19: =IFERROR(__xludf.DUMMYFUNCTION("""COMPUTED_VALUE"""),"Website tìm kiếm và cho thuê phòng trọ") -> Website tìm kiếm và cho thuê phòng trọ | K19: =IFERROR(__xludf.DUMMYFUNCTION("""COMPUTED_VALUE"""),"Mục tiêu chính của đề tài website tìm kiếm và cho thuê phòng trọ là xây dựng một nền tảng trực tuyến hiệu quả, tiện lợi và đáng tin cậy, giúp kết nối người có nhu cầu thuê phòng với các chủ trọ, đồng thời giải quyết những khó khăn hiện tại trong quá trình"&" tìm kiếm và quản lý thông tin phòng trọ") -> Mục tiêu chính của đề tài website tìm kiếm và cho thuê phòng trọ là xây dựng một nền tảng trực tuyến hiệu quả, tiện lợi và đáng tin cậy, giúp kết nối người có nhu cầu thuê phòng với các chủ trọ, đồng thời giải quyết những khó khăn hiện tại trong quá trình tìm kiếm và quản lý thông tin phòng trọ | L19: =IFERROR(__xludf.DUMMYFUNCTION("""COMPUTED_VALUE"""),"Xây dựng giao diện trực quan dễ dàng sử dụng thân thiện với người dùng, chức năng tìm kiếm tích hợp, quản lý bài đăng, nạp tiền vào tài khoản, đăng tin mới") -> Xây dựng giao diện trực quan dễ dàng sử dụng thân thiện với người dùng, chức năng tìm kiếm tích hợp, quản lý bài đăng, nạp tiền vào tài khoản, đăng tin mới | Q19: =IFERROR(__xludf.DUMMYFUNCTION("""COMPUTED_VALUE"""),"TNDHLTK24_20251001") -> TNDHLTK24_20251001
A20: =IFERROR(__xludf.DUMMYFUNCTION("""COMPUTED_VALUE"""),45826.34358984954) -> 45826.344 | B20: =IFERROR(__xludf.DUMMYFUNCTION("""COMPUTED_VALUE"""),"diary0101@gmail.com") -> diary0101@gmail.com | C20: =IFERROR(__xludf.DUMMYFUNCTION("""COMPUTED_VALUE"""),5.24000325E8) -> 524000325 | D20: =IFERROR(__xludf.DUMMYFUNCTION("""COMPUTED_VALUE"""),"Tạ Thị Phượng") -> Tạ Thị Phượng | E20: =IFERROR(__xludf.DUMMYFUNCTION("""COMPUTED_VALUE"""),"0982928380") -> 0982928380 | F20: =IFERROR(__xludf.DUMMYFUNCTION("""COMPUTED_VALUE"""),"24CT502") -> 24CT502 | G20: =IFERROR(__xludf.DUMMYFUNCTION("""COMPUTED_VALUE"""),"Thực hiện đồ án tốt nghiệp") -> Thực hiện đồ án tốt nghiệp | H20: =IFERROR(__xludf.DUMMYFUNCTION("""COMPUTED_VALUE"""),"Hồ Ngọc Hoàng Long") -> Hồ Ngọc Hoàng Long | I20: =IFERROR(__xludf.DUMMYFUNCTION("""COMPUTED_VALUE"""),"Hồ Ngọc Hoàng Long") -> Hồ Ngọc Hoàng Long | J20: =IFERROR(__xludf.DUMMYFUNCTION("""COMPUTED_VALUE"""),"Website tìm kiếm và cho thuê phòng trọ") -> Website tìm kiếm và cho thuê phòng trọ | K20: =IFERROR(__xludf.DUMMYFUNCTION("""COMPUTED_VALUE"""),"Mục tiêu chính của đề tài website tìm kiếm và cho thuê phòng trọ là xây dựng một nền tảng trực tuyến hiệu quả, tiện lợi và đáng tin cậy, giúp kết nối người có nhu cầu thuê phòng với các chủ trọ, đồng thời giải quyết những khó khăn hiện tại trong quá trình"&" tìm kiếm và quản lý thông tin phòng trọ") -> Mục tiêu chính của đề tài website tìm kiếm và cho thuê phòng trọ là xây dựng một nền tảng trực tuyến hiệu quả, tiện lợi và đáng tin cậy, giúp kết nối người có nhu cầu thuê phòng với các chủ trọ, đồng thời giải quyết những khó khăn hiện tại trong quá trình tìm kiếm và quản lý thông tin phòng trọ | L20: =IFERROR(__xludf.DUMMYFUNCTION("""COMPUTED_VALUE"""),"Nội dung thực hiện : Xây dựng giao diện trực quan dễ dàng sử dụng thân thiện với người dùng, chức năng tìm kiếm tích hợp, quản lý bài đăng, nạp tiền vào tài khoản, đăng tin mới ") -> Nội dung thực hiện : Xây dựng giao diện trực quan dễ dàng sử dụng thân thiện với người dùng, chức năng tìm kiếm tích hợp, quản lý bài đăng, nạp tiền vào tài khoản, đăng tin mới | Q20: =IFERROR(__xludf.DUMMYFUNCTION("""COMPUTED_VALUE"""),"TNDHLTK24_20251001") -> TNDHLTK24_20251001
A21: =IFERROR(__xludf.DUMMYFUNCTION("""COMPUTED_VALUE"""),45826.572306064816) -> 45826.572 | B21: =IFERROR(__xludf.DUMMYFUNCTION("""COMPUTED_VALUE"""),"mtquang180695@gmail.com") -> mtquang180695@gmail.com | C21: =IFERROR(__xludf.DUMMYFUNCTION("""COMPUTED_VALUE"""),5.24000175E8) -> 524000175 | D21: =IFERROR(__xludf.DUMMYFUNCTION("""COMPUTED_VALUE"""),"Mai Thanh Quang") -> Mai Thanh Quang | E21: =IFERROR(__xludf.DUMMYFUNCTION("""COMPUTED_VALUE"""),"0908150738") -> 0908150738 | F21: =IFERROR(__xludf.DUMMYFUNCTION("""COMPUTED_VALUE"""),"24CT501") -> 24CT501 | G21: =IFERROR(__xludf.DUMMYFUNCTION("""COMPUTED_VALUE"""),"Thực hiện đồ án tốt nghiệp") -> Thực hiện đồ án tốt nghiệp | H21: =IFERROR(__xludf.DUMMYFUNCTION("""COMPUTED_VALUE"""),"Nguyễn Vũ Duy Quang") -> Nguyễn Vũ Duy Quang | J21: =IFERROR(__xludf.DUMMYFUNCTION("""COMPUTED_VALUE"""),"Xây dựng mô hình HA và chiến lược sao lưu dữ liệu hiện đại cho hệ thống doanh nghiệp năm 2025") -> Xây dựng mô hình HA và chiến lược sao lưu dữ liệu hiện đại cho hệ thống doanh nghiệp năm 2025 | K21: =IFERROR(__xludf.DUMMYFUNCTION("""COMPUTED_VALUE"""),"Đề tài hướng tới việc xây dựng một hệ thống thực tiễn giúp doanh nghiệp đảm bảo: - Tính sẵn sàng cao (High Availability - HA) (bao gồm cả Network & System) - An toàn dữ liệu, giảm thiểu tối đa thiệt hại khi hỏng hóc thiết bị hoặc bị tấn công mã độc - Ứng "&"dụng các công nghệ tiên tiến") -> Đề tài hướng tới việc xây dựng một hệ thống thực tiễn giúp doanh nghiệp đảm bảo: - Tính sẵn sàng cao (High Availability - HA) (bao gồm cả Network & System) - An toàn dữ liệu, giảm thiểu tối đa thiệt hại khi hỏng hóc thiết bị hoặc bị tấn công mã độc - Ứng dụng các công nghệ tiên tiến | L21: =IFERROR(__xludf.DUMMYFUNCTION("""COMPUTED_VALUE"""),"- Khảo sát và phân tích - Thiết kế mô hình hệ thống - Triển khai thử nghiệm - Kiểm thử và đánh giá - Kết luận và đề xuất hoàn thiện") -> - Khảo sát và phân tích - Thiết kế mô hình hệ thống - Triển khai thử nghiệm - Kiểm thử và đánh giá - Kết luận và đề xuất hoàn thiện | Q21: =IFERROR(__xludf.DUMMYFUNCTION("""COMPUTED_VALUE"""),"TNDHLTK24_20251001") -> TNDHLTK24_20251001
A22: =IFERROR(__xludf.DUMMYFUNCTION("""COMPUTED_VALUE"""),45826.783940381945) -> 45826.784 | B22: =IFERROR(__xludf.DUMMYFUNCTION("""COMPUTED_VALUE"""),"tanbtu05@gmail.com") -> tanbtu05@gmail.com | C22: =IFERROR(__xludf.DUMMYFUNCTION("""COMPUTED_VALUE"""),7.2400002E8) -> 724000020 | D22: =IFERROR(__xludf.DUMMYFUNCTION("""COMPUTED_VALUE"""),"Nguyễn Văn Tấn ") -> Nguyễn Văn Tấn | E22: =IFERROR(__xludf.DUMMYFUNCTION("""COMPUTED_VALUE"""),"0862547521") -> 0862547521 | F22: =IFERROR(__xludf.DUMMYFUNCTION("""COMPUTED_VALUE"""),"24CT702") -> 24CT702 | G22: =IFERROR(__xludf.DUMMYFUNCTION("""COMPUTED_VALUE"""),"Thực hiện đồ án tốt nghiệp") -> Thực hiện đồ án tốt nghiệp | H22: =IFERROR(__xludf.DUMMYFUNCTION("""COMPUTED_VALUE"""),"Hồ Ngọc Hoàng Long") -> Hồ Ngọc Hoàng Long | I22: =IFERROR(__xludf.DUMMYFUNCTION("""COMPUTED_VALUE"""),"Hồ Ngọc Hoàng Long") -> Hồ Ngọc Hoàng Long | J22: =IFERROR(__xludf.DUMMYFUNCTION("""COMPUTED_VALUE"""),"Xây dựng website luyện tập toán cho hs lớp 5 với hình thức trắc nghiệm") -> Xây dựng website luyện tập toán cho hs lớp 5 với hình thức trắc nghiệm | K22: =IFERROR(__xludf.DUMMYFUNCTION("""COMPUTED_VALUE"""),"Xây dựng một website đơn giản, dễ sử dụng cho học sinh lớp 5 để luyện tập các bài tập toán theo chương trình mới.") -> Xây dựng một website đơn giản, dễ sử dụng cho học sinh lớp 5 để luyện tập các bài tập toán theo chương trình mới. | L22: =IFERROR(__xludf.DUMMYFUNCTION("""COMPUTED_VALUE"""),"Luyện tập theo chuyên đề Làm bài thi thử Xem kết quả Quản lý câu hỏi (dành cho quản trị viên)") -> Luyện tập theo chuyên đề Làm bài thi thử Xem kết quả Quản lý câu hỏi (dành cho quản trị viên) | Q22: =IFERROR(__xludf.DUMMYFUNCTION("""COMPUTED_VALUE"""),"TNDHLTK24_20251001") -> TNDHLTK24_20251001
A23: =IFERROR(__xludf.DUMMYFUNCTION("""COMPUTED_VALUE"""),45828.820400219905) -> 45828.82 | B23: =IFERROR(__xludf.DUMMYFUNCTION("""COMPUTED_VALUE"""),"trantrungho71@gmail.com") -> trantrungho71@gmail.com | C23: =IFERROR(__xludf.DUMMYFUNCTION("""COMPUTED_VALUE"""),5.24000322E8) -> 524000322 | D23: =IFERROR(__xludf.DUMMYFUNCTION("""COMPUTED_VALUE"""),"Nguyễn Anh Trí") -> Nguyễn Anh Trí | E23: =IFERROR(__xludf.DUMMYFUNCTION("""COMPUTED_VALUE"""),"0359071715") -> 0359071715 | F23: =IFERROR(__xludf.DUMMYFUNCTION("""COMPUTED_VALUE"""),"24CT502") -> 24CT502 | G23: =IFERROR(__xludf.DUMMYFUNCTION("""COMPUTED_VALUE"""),"Thực hiện đồ án tốt nghiệp") -> Thực hiện đồ án tốt nghiệp | H23: =IFERROR(__xludf.DUMMYFUNCTION("""COMPUTED_VALUE"""),"Hoàng Hải Dương") -> Hoàng Hải Dương | I23: =IFERROR(__xludf.DUMMYFUNCTION("""COMPUTED_VALUE"""),"Hoàng Hải Dương") -> Hoàng Hải Dương | J23: =IFERROR(__xludf.DUMMYFUNCTION("""COMPUTED_VALUE"""),"Tạo trò chơi trên nền tảng Warcraft III: Reforged") -> Tạo trò chơi trên nền tảng Warcraft III: Reforged | K23: =IFERROR(__xludf.DUMMYFUNCTION("""COMPUTED_VALUE"""),"Thiết kế trò chơi thuộc thể loại Dungeon Crawler dựa trên nền tảng của Warcraft III: Reforged") -> Thiết kế trò chơi thuộc thể loại Dungeon Crawler dựa trên nền tảng của Warcraft III: Reforged | L23: =IFERROR(__xludf.DUMMYFUNCTION("""COMPUTED_VALUE"""),"Phân tích và xác định cơ chế lối chơi của thể loại Dungeon Crawler, Viết mã để xây dựng các chức năng của trò chơi cũng như kiểm thử và chỉnh sửa lỗi trong quá trình phát triển") -> Phân tích và xác định cơ chế lối chơi của thể loại Dungeon Crawler, Viết mã để xây dựng các chức năng của trò chơi cũng như kiểm thử và chỉnh sửa lỗi trong quá trình phát triển | Q23: =IFERROR(__xludf.DUMMYFUNCTION("""COMPUTED_VALUE"""),"TNDHLTK24_20251001") -> TNDHLTK24_20251001
A24: =IFERROR(__xludf.DUMMYFUNCTION("""COMPUTED_VALUE"""),45829.44940013889) -> 45829.449 | B24: =IFERROR(__xludf.DUMMYFUNCTION("""COMPUTED_VALUE"""),"hoangvu2577@gmail.com") -> hoangvu2577@gmail.com | C24: =IFERROR(__xludf.DUMMYFUNCTION("""COMPUTED_VALUE"""),7.2400003E8) -> 724000030 | D24: =IFERROR(__xludf.DUMMYFUNCTION("""COMPUTED_VALUE"""),"LÊ ĐÌNH HOÀNG VŨ") -> LÊ ĐÌNH HOÀNG VŨ | E24: =IFERROR(__xludf.DUMMYFUNCTION("""COMPUTED_VALUE"""),"0961458243") -> 0961458243 | F24: =IFERROR(__xludf.DUMMYFUNCTION("""COMPUTED_VALUE"""),"24CT702") -> 24CT702 | G24: =IFERROR(__xludf.DUMMYFUNCTION("""COMPUTED_VALUE"""),"Thực hiện đồ án tốt nghiệp") -> Thực hiện đồ án tốt nghiệp | H24: =IFERROR(__xludf.DUMMYFUNCTION("""COMPUTED_VALUE"""),"Bùi Thị Thu Trang") -> Bùi Thị Thu Trang | J24: =IFERROR(__xludf.DUMMYFUNCTION("""COMPUTED_VALUE"""),"Thiết kế giao diện công ty truyền thông") -> Thiết kế giao diện công ty truyền thông | K24: =IFERROR(__xludf.DUMMYFUNCTION("""COMPUTED_VALUE"""),"Thiết kế giao diện công ty truyền thông") -> Thiết kế giao diện công ty truyền thông | L24: =IFERROR(__xludf.DUMMYFUNCTION("""COMPUTED_VALUE"""),"Sử dụng phần mềm figma để thực hiện") -> Sử dụng phần mềm figma để thực hiện | Q24: =IFERROR(__xludf.DUMMYFUNCTION("""COMPUTED_VALUE"""),"TNDHLTK24_20251001") -> TNDHLTK24_20251001
A25: =IFERROR(__xludf.DUMMYFUNCTION("""COMPUTED_VALUE"""),45830.85527302083) -> 45830.855 | B25: =IFERROR(__xludf.DUMMYFUNCTION("""COMPUTED_VALUE"""),"ap20192807@gmail.com") -> ap20192807@gmail.com | C25: =IFERROR(__xludf.DUMMYFUNCTION("""COMPUTED_VALUE"""),5.24000187E8) -> 524000187 | D25: =IFERROR(__xludf.DUMMYFUNCTION("""COMPUTED_VALUE"""),"Phạm Văn Anh") -> Phạm Văn Anh | E25: =IFERROR(__xludf.DUMMYFUNCTION("""COMPUTED_VALUE"""),"0827366999") -> 0827366999 | F25: =IFERROR(__xludf.DUMMYFUNCTION("""COMPUTED_VALUE"""),"24CT501") -> 24CT501 | G25: =IFERROR(__xludf.DUMMYFUNCTION("""COMPUTED_VALUE"""),"Thực hiện đồ án tốt nghiệp") -> Thực hiện đồ án tốt nghiệp | H25: =IFERROR(__xludf.DUMMYFUNCTION("""COMPUTED_VALUE"""),"Hồ Ngọc Hoàng Long") -> Hồ Ngọc Hoàng Long | I25: =IFERROR(__xludf.DUMMYFUNCTION("""COMPUTED_VALUE"""),"Hồ Ngọc Hoàng Long") -> Hồ Ngọc Hoàng Long | J25: =IFERROR(__xludf.DUMMYFUNCTION("""COMPUTED_VALUE"""),"Xây dựng website Cổng thông tin Phòng GD14- KBNN KV XV") -> Xây dựng website Cổng thông tin Phòng GD14- KBNN KV XV | K25: =IFERROR(__xludf.DUMMYFUNCTION("""COMPUTED_VALUE"""),"Giới thiếu về cơ quan và các hoạt động nghiệp vụ của cơ quan") -> Giới thiếu về cơ quan và các hoạt động nghiệp vụ của cơ quan | L25: =IFERROR(__xludf.DUMMYFUNCTION("""COMPUTED_VALUE"""),"xây dựng trang web giới thiệu cơ quan và các hoạt động nghiệp vụ, thông báo về các hoạt động của cơ quan") -> xây dựng trang web giới thiệu cơ quan và các hoạt động nghiệp vụ, thông báo về các hoạt động của cơ quan | Q25: =IFERROR(__xludf.DUMMYFUNCTION("""COMPUTED_VALUE"""),"TNDHLTK24_20251001") -> TNDHLTK24_20251001
A26: =IFERROR(__xludf.DUMMYFUNCTION("""COMPUTED_VALUE"""),45838.464727812505) -> 45838.465 | B26: =IFERROR(__xludf.DUMMYFUNCTION("""COMPUTED_VALUE"""),"kn360814@gmail.com") -> kn360814@gmail.com | C26: =IFERROR(__xludf.DUMMYFUNCTION("""COMPUTED_VALUE"""),1.21000776E8) -> 121000776 | D26: =IFERROR(__xludf.DUMMYFUNCTION("""COMPUTED_VALUE"""),"Nguyễn Hoàng Phúc Khang") -> Nguyễn Hoàng Phúc Khang | E26: =IFERROR(__xludf.DUMMYFUNCTION("""COMPUTED_VALUE"""),"0398021167") -> 0398021167 | F26: =IFERROR(__xludf.DUMMYFUNCTION("""COMPUTED_VALUE"""),"21CT114") -> 21CT114 | G26: =IFERROR(__xludf.DUMMYFUNCTION("""COMPUTED_VALUE"""),"Thực hiện đồ án tốt nghiệp") -> Thực hiện đồ án tốt nghiệp | H26: =IFERROR(__xludf.DUMMYFUNCTION("""COMPUTED_VALUE"""),"Phan Mạnh Thường") -> Phan Mạnh Thường | J26: =IFERROR(__xludf.DUMMYFUNCTION("""COMPUTED_VALUE"""),"Xây dựng Web quản lý nhân sự") -> Xây dựng Web quản lý nhân sự | K26: =IFERROR(__xludf.DUMMYFUNCTION("""COMPUTED_VALUE"""),"Có trong thuyết minh") -> Có trong thuyết minh | L26: =IFERROR(__xludf.DUMMYFUNCTION("""COMPUTED_VALUE"""),"Có trong thuyết minh") -> Có trong thuyết minh | Q26: =IFERROR(__xludf.DUMMYFUNCTION("""COMPUTED_VALUE"""),"TNDHLTK24_20251001") -> TNDHLTK24_20251001
A27: =IFERROR(__xludf.DUMMYFUNCTION("""COMPUTED_VALUE"""),45838.484778819446) -> 45838.485 | B27: =IFERROR(__xludf.DUMMYFUNCTION("""COMPUTED_VALUE"""),"tamthiletran@gmail.com") -> tamthiletran@gmail.com | C27: =IFERROR(__xludf.DUMMYFUNCTION("""COMPUTED_VALUE"""),5.24000184E8) -> 524000184 | D27: =IFERROR(__xludf.DUMMYFUNCTION("""COMPUTED_VALUE"""),"Lê Trần Tâm Thi") -> Lê Trần Tâm Thi | E27: =IFERROR(__xludf.DUMMYFUNCTION("""COMPUTED_VALUE"""),9.1752597E8) -> 917525970 | F27: =IFERROR(__xludf.DUMMYFUNCTION("""COMPUTED_VALUE"""),"24CT501") -> 24CT501 | G27: =IFERROR(__xludf.DUMMYFUNCTION("""COMPUTED_VALUE"""),"Thực hiện đồ án tốt nghiệp") -> Thực hiện đồ án tốt nghiệp | H27: =IFERROR(__xludf.DUMMYFUNCTION("""COMPUTED_VALUE"""),"Phan Mạnh Thường") -> Phan Mạnh Thường | J27: =IFERROR(__xludf.DUMMYFUNCTION("""COMPUTED_VALUE"""),"Xây dựng Website bán thời trang eco") -> Xây dựng Website bán thời trang eco | K27: =IFERROR(__xludf.DUMMYFUNCTION("""COMPUTED_VALUE"""),"Xây dựng website kinh doanh, tối ưu SEO") -> Xây dựng website kinh doanh, tối ưu SEO | L27: =IFERROR(__xludf.DUMMYFUNCTION("""COMPUTED_VALUE"""),"Xây dựng website kinh doanh, tối ưu SEO") -> Xây dựng website kinh doanh, tối ưu SEO | Q27: =IFERROR(__xludf.DUMMYFUNCTION("""COMPUTED_VALUE"""),"TNDHLTK24_20251001") -> TNDHLTK24_20251001
A28: =IFERROR(__xludf.DUMMYFUNCTION("""COMPUTED_VALUE"""),45838.6449171412) -> 45838.645 | B28: =IFERROR(__xludf.DUMMYFUNCTION("""COMPUTED_VALUE"""),"nxak1505@gmail.com") -> nxak1505@gmail.com | C28: =IFERROR(__xludf.DUMMYFUNCTION("""COMPUTED_VALUE"""),4.24000052E8) -> 424000052 | D28: =IFERROR(__xludf.DUMMYFUNCTION("""COMPUTED_VALUE"""),"Nguyễn Xuân Anh Kiệt") -> Nguyễn Xuân Anh Kiệt | E28: =IFERROR(__xludf.DUMMYFUNCTION("""COMPUTED_VALUE"""),"0794757515") -> 0794757515 | F28: =IFERROR(__xludf.DUMMYFUNCTION("""COMPUTED_VALUE"""),"24CT402") -> 24CT402 | G28: =IFERROR(__xludf.DUMMYFUNCTION("""COMPUTED_VALUE"""),"Thực hiện đồ án tốt nghiệp") -> Thực hiện đồ án tốt nghiệp | H28: =IFERROR(__xludf.DUMMYFUNCTION("""COMPUTED_VALUE"""),"Hoàng Hải Dương") -> Hoàng Hải Dương | I28: =IFERROR(__xludf.DUMMYFUNCTION("""COMPUTED_VALUE"""),"Hoàng Hải Dương") -> Hoàng Hải Dương | J28: =IFERROR(__xludf.DUMMYFUNCTION("""COMPUTED_VALUE"""),"Ứng dụng web bán thiết bị công nghệ") -> Ứng dụng web bán thiết bị công nghệ | K28: =IFERROR(__xludf.DUMMYFUNCTION("""COMPUTED_VALUE"""),"Hoàn thiện ứng dụng web giống với các trang bán lẻ sản phẩm công nghệ") -> Hoàn thiện ứng dụng web giống với các trang bán lẻ sản phẩm công nghệ | L28: =IFERROR(__xludf.DUMMYFUNCTION("""COMPUTED_VALUE"""),"xây dựng backend và frontend cho trang web để trang web có giao diện đẹp mắt và tốc độ cao cùng với khả năng xử lý thông tin và gọi api nhanh chóng") -> xây dựng backend và frontend cho trang web để trang web có giao diện đẹp mắt và tốc độ cao cùng với khả năng xử lý thông tin và gọi api nhanh chóng | Q28: =IFERROR(__xludf.DUMMYFUNCTION("""COMPUTED_VALUE"""),"TNDHLTK24_20251001") -> TNDHLTK24_20251001
A29: =IFERROR(__xludf.DUMMYFUNCTION("""COMPUTED_VALUE"""),45838.65407217592) -> 45838.654 | B29: =IFERROR(__xludf.DUMMYFUNCTION("""COMPUTED_VALUE"""),"nhatvip23456@gmail.com") -> nhatvip23456@gmail.com | C29: =IFERROR(__xludf.DUMMYFUNCTION("""COMPUTED_VALUE"""),4.24000051E8) -> 424000051 | D29: =IFERROR(__xludf.DUMMYFUNCTION("""COMPUTED_VALUE"""),"Nguyễn Nhật Anh") -> Nguyễn Nhật Anh | E29: =IFERROR(__xludf.DUMMYFUNCTION("""COMPUTED_VALUE"""),"0813121270") -> 0813121270 | F29: =IFERROR(__xludf.DUMMYFUNCTION("""COMPUTED_VALUE"""),"24CT402") -> 24CT402 | G29: =IFERROR(__xludf.DUMMYFUNCTION("""COMPUTED_VALUE"""),"Thực hiện đồ án tốt nghiệp") -> Thực hiện đồ án tốt nghiệp | H29: =IFERROR(__xludf.DUMMYFUNCTION("""COMPUTED_VALUE"""),"Hoàng Hải Dương") -> Hoàng Hải Dương | I29: =IFERROR(__xludf.DUMMYFUNCTION("""COMPUTED_VALUE"""),"Hoàng Hải Dương") -> Hoàng Hải Dương | J29: =IFERROR(__xludf.DUMMYFUNCTION("""COMPUTED_VALUE"""),"ứng dụng web bán thiết bị công nghệ") -> ứng dụng web bán thiết bị công nghệ | K29: =IFERROR(__xludf.DUMMYFUNCTION("""COMPUTED_VALUE"""),"hoàn thiện ứng dụng web với đầy đủ chức năng cần thiết giống với các trang web bán lẻ sản phẩm công nghệ ") -> hoàn thiện ứng dụng web với đầy đủ chức năng cần thiết giống với các trang web bán lẻ sản phẩm công nghệ | L29: =IFERROR(__xludf.DUMMYFUNCTION("""COMPUTED_VALUE"""),"xây dựng backend và frontend cho trang web để trang web có giao diện đẹp mắt và tốc độ cao cùng với khả năng xử lý thông tin và gọi API nhanh chóng") -> xây dựng backend và frontend cho trang web để trang web có giao diện đẹp mắt và tốc độ cao cùng với khả năng xử lý thông tin và gọi API nhanh chóng | Q29: =IFERROR(__xludf.DUMMYFUNCTION("""COMPUTED_VALUE"""),"TNDHLTK24_20251001") -> TNDHLTK24_20251001
A30: =IFERROR(__xludf.DUMMYFUNCTION("""COMPUTED_VALUE"""),45838.76848841435) -> 45838.768 | B30: =IFERROR(__xludf.DUMMYFUNCTION("""COMPUTED_VALUE"""),"nguyenhuuphuc.nhp210@gmail.com") -> nguyenhuuphuc.nhp210@gmail.com | C30: =IFERROR(__xludf.DUMMYFUNCTION("""COMPUTED_VALUE"""),4.2400006E8) -> 424000060 | D30: =IFERROR(__xludf.DUMMYFUNCTION("""COMPUTED_VALUE"""),"Nguyễn Hữu Phúc") -> Nguyễn Hữu Phúc | E30: =IFERROR(__xludf.DUMMYFUNCTION("""COMPUTED_VALUE"""),"0328093454") -> 0328093454 | F30: =IFERROR(__xludf.DUMMYFUNCTION("""COMPUTED_VALUE"""),"24CT402") -> 24CT402 | G30: =IFERROR(__xludf.DUMMYFUNCTION("""COMPUTED_VALUE"""),"Thực hiện đồ án tốt nghiệp") -> Thực hiện đồ án tốt nghiệp | H30: =IFERROR(__xludf.DUMMYFUNCTION("""COMPUTED_VALUE"""),"Phan Mạnh Thường") -> Phan Mạnh Thường | J30: =IFERROR(__xludf.DUMMYFUNCTION("""COMPUTED_VALUE"""),"Website bán linh kiện điện tử") -> Website bán linh kiện điện tử | K30: =IFERROR(__xludf.DUMMYFUNCTION("""COMPUTED_VALUE"""),"Xây dựng nền tảng giúp người dùng có thể mua linh kiện điện tử đơn giản nhất") -> Xây dựng nền tảng giúp người dùng có thể mua linh kiện điện tử đơn giản nhất | L30: =IFERROR(__xludf.DUMMYFUNCTION("""COMPUTED_VALUE"""),"Xây dựng website bán linh kiện điện tử bao gồm: - UI thân thiện với mọi người dùng - Có affiliate theo từng click mua hàng - Tối ưu hệ thống giúp cho trải nghiệm tốt hơn") -> Xây dựng website bán linh kiện điện tử bao gồm: - UI thân thiện với mọi người dùng - Có affiliate theo từng click mua hàng - Tối ưu hệ thống giúp cho trải nghiệm tốt hơn | Q30: =IFERROR(__xludf.DUMMYFUNCTION("""COMPUTED_VALUE"""),"TNDHLTK24_20251001") -> TNDHLTK24_20251001
A31: =IFERROR(__xludf.DUMMYFUNCTION("""COMPUTED_VALUE"""),45838.973537777776) -> 45838.974 | B31: =IFERROR(__xludf.DUMMYFUNCTION("""COMPUTED_VALUE"""),"phamtam102@gmail.com") -> phamtam102@gmail.com | C31: =IFERROR(__xludf.DUMMYFUNCTION("""COMPUTED_VALUE"""),5.2400018E8) -> 524000180 | D31: =IFERROR(__xludf.DUMMYFUNCTION("""COMPUTED_VALUE"""),"Phạm Ngọc Tâm") -> Phạm Ngọc Tâm | E31: =IFERROR(__xludf.DUMMYFUNCTION("""COMPUTED_VALUE"""),"0938758842") -> 0938758842 | F31: =IFERROR(__xludf.DUMMYFUNCTION("""COMPUTED_VALUE"""),"24CT501") -> 24CT501 | G31: =IFERROR(__xludf.DUMMYFUNCTION("""COMPUTED_VALUE"""),"Thực hiện đồ án tốt nghiệp") -> Thực hiện đồ án tốt nghiệp | H31: =IFERROR(__xludf.DUMMYFUNCTION("""COMPUTED_VALUE"""),"Phan Mạnh Thường") -> Phan Mạnh Thường | J31: =IFERROR(__xludf.DUMMYFUNCTION("""COMPUTED_VALUE"""),"Web luyện thi ielts 2 kỹ năng reading và listening") -> Web luyện thi ielts 2 kỹ năng reading và listening | K31: =IFERROR(__xludf.DUMMYFUNCTION("""COMPUTED_VALUE"""),"Web luyện thi ielts 2 kỹ năng reading và listening, học cần có tài khoản, để vào được web thì cần được admin xét duyệt. CRUD các bài test, học sinh. Lưu lại điểm số sau mỗi lần làm bài.") -> Web luyện thi ielts 2 kỹ năng reading và listening, học cần có tài khoản, để vào được web thì cần được admin xét duyệt. CRUD các bài test, học sinh. Lưu lại điểm số sau mỗi lần làm bài. | L31: =IFERROR(__xludf.DUMMYFUNCTION("""COMPUTED_VALUE"""),"Web luyện thi ielts 2 kỹ năng reading và listening") -> Web luyện thi ielts 2 kỹ năng reading và listening | Q31: =IFERROR(__xludf.DUMMYFUNCTION("""COMPUTED_VALUE"""),"TNDHLTK24_20251001") -> TNDHLTK24_20251001
A32: =IFERROR(__xludf.DUMMYFUNCTION("""COMPUTED_VALUE"""),45840.48971711806) -> 45840.49 | B32: =IFERROR(__xludf.DUMMYFUNCTION("""COMPUTED_VALUE"""),"hienvh.dni@gmail.com") -> hienvh.dni@gmail.com | C32: =IFERROR(__xludf.DUMMYFUNCTION("""COMPUTED_VALUE"""),4.24000036E8) -> 424000036 | D32: =IFERROR(__xludf.DUMMYFUNCTION("""COMPUTED_VALUE"""),"Võ Hữu Hiền") -> Võ Hữu Hiền | E32: =IFERROR(__xludf.DUMMYFUNCTION("""COMPUTED_VALUE"""),"0918064444") -> 0918064444 | F32: =IFERROR(__xludf.DUMMYFUNCTION("""COMPUTED_VALUE"""),"24CT401") -> 24CT401 | G32: =IFERROR(__xludf.DUMMYFUNCTION("""COMPUTED_VALUE"""),"Thực hiện đồ án tốt nghiệp") -> Thực hiện đồ án tốt nghiệp | H32: =IFERROR(__xludf.DUMMYFUNCTION("""COMPUTED_VALUE"""),"Nguyễn Minh Phúc") -> Nguyễn Minh Phúc | J32: =IFERROR(__xludf.DUMMYFUNCTION("""COMPUTED_VALUE"""),"ỨNG DỤNG CÔNG NGHỆ XGSPON TRONG NÂNG CẤP MẠNG TRUYỀN DẪN VNPT") -> ỨNG DỤNG CÔNG NGHỆ XGSPON TRONG NÂNG CẤP MẠNG TRUYỀN DẪN VNPT | K32: =IFERROR(__xludf.DUMMYFUNCTION("""COMPUTED_VALUE"""),"Chất lượng mạng lưới") -> Chất lượng mạng lưới | L32: =IFERROR(__xludf.DUMMYFUNCTION("""COMPUTED_VALUE"""),"Áp dụng công nghệ mới, nâng cao tốc độ mạng") -> Áp dụng công nghệ mới, nâng cao tốc độ mạng | Q32: =IFERROR(__xludf.DUMMYFUNCTION("""COMPUTED_VALUE"""),"TNDHLTK24_20251001") -> TNDHLTK24_20251001
A33: =IFERROR(__xludf.DUMMYFUNCTION("""COMPUTED_VALUE"""),45840.63942869213) -> 45840.639 | B33: =IFERROR(__xludf.DUMMYFUNCTION("""COMPUTED_VALUE"""),"leloc78@gmail.com") -> leloc78@gmail.com | C33: =IFERROR(__xludf.DUMMYFUNCTION("""COMPUTED_VALUE"""),5.24000456E8) -> 524000456 | D33: =IFERROR(__xludf.DUMMYFUNCTION("""COMPUTED_VALUE"""),"LÊ VĂN LỘC") -> LÊ VĂN LỘC | E33: =IFERROR(__xludf.DUMMYFUNCTION("""COMPUTED_VALUE"""),"0917559755") -> 0917559755 | F33: =IFERROR(__xludf.DUMMYFUNCTION("""COMPUTED_VALUE"""),"24CT502") -> 24CT502 | G33: =IFERROR(__xludf.DUMMYFUNCTION("""COMPUTED_VALUE"""),"Thực hiện đồ án tốt nghiệp") -> Thực hiện đồ án tốt nghiệp | H33: =IFERROR(__xludf.DUMMYFUNCTION("""COMPUTED_VALUE"""),"Nguyễn Minh Phúc") -> Nguyễn Minh Phúc | J33: =IFERROR(__xludf.DUMMYFUNCTION("""COMPUTED_VALUE"""),"Ứng dụng Công nghệ XGS-PON trong Nâng cấp Mạng Truyền Dẫn VNPT") -> Ứng dụng Công nghệ XGS-PON trong Nâng cấp Mạng Truyền Dẫn VNPT | K33: =IFERROR(__xludf.DUMMYFUNCTION("""COMPUTED_VALUE"""),"Ứng dụng Công nghệ XGS-PON trong nâng tốc độ đường truyền dịch vụ Internet mạng VNPT") -> Ứng dụng Công nghệ XGS-PON trong nâng tốc độ đường truyền dịch vụ Internet mạng VNPT | L33: =IFERROR(__xludf.DUMMYFUNCTION("""COMPUTED_VALUE"""),"Sử dụng công nghệ Xgspon thay thế công nghệ Gpon đang sử dụng, nhằm nâng cao tốc độ đường truyền phục vụ khách hàng tốy nhất") -> Sử dụng công nghệ Xgspon thay thế công nghệ Gpon đang sử dụng, nhằm nâng cao tốc độ đường truyền phục vụ khách hàng tốy nhất | M33: =IFERROR(__xludf.DUMMYFUNCTION("""COMPUTED_VALUE"""),"Chung đề tài với anh Võ Hữu Hiền") -> Chung đề tài với anh Võ Hữu Hiền | Q33: =IFERROR(__xludf.DUMMYFUNCTION("""COMPUTED_VALUE"""),"TNDHLTK24_20251001") -> TNDHLTK24_20251001
A34: =IFERROR(__xludf.DUMMYFUNCTION("""COMPUTED_VALUE"""),45840.7549540162) -> 45840.755 | B34: =IFERROR(__xludf.DUMMYFUNCTION("""COMPUTED_VALUE"""),"0olmvuao033@gmail.com") -> 0olmvuao033@gmail.com | C34: =IFERROR(__xludf.DUMMYFUNCTION("""COMPUTED_VALUE"""),4.2400009E8) -> 424000090 | D34: =IFERROR(__xludf.DUMMYFUNCTION("""COMPUTED_VALUE"""),"Nguyễn Đức Toàn") -> Nguyễn Đức Toàn | E34: =IFERROR(__xludf.DUMMYFUNCTION("""COMPUTED_VALUE"""),"0396374030") -> 0396374030 | F34: =IFERROR(__xludf.DUMMYFUNCTION("""COMPUTED_VALUE"""),"24CT402") -> 24CT402 | G34: =IFERROR(__xludf.DUMMYFUNCTION("""COMPUTED_VALUE"""),"Thực hiện đồ án tốt nghiệp") -> Thực hiện đồ án tốt nghiệp | H34: =IFERROR(__xludf.DUMMYFUNCTION("""COMPUTED_VALUE"""),"Hoàng Hải Dương") -> Hoàng Hải Dương | I34: =IFERROR(__xludf.DUMMYFUNCTION("""COMPUTED_VALUE"""),"Hoàng Hải Dương") -> Hoàng Hải Dương | J34: =IFERROR(__xludf.DUMMYFUNCTION("""COMPUTED_VALUE"""),"Hệ thống bảo trì và quản lý các vết nứt công trình của tòa nhà") -> Hệ thống bảo trì và quản lý các vết nứt công trình của tòa nhà | K34: =IFERROR(__xludf.DUMMYFUNCTION("""COMPUTED_VALUE"""),"theo dõi và quản lý các vết nứt công trình , tự động hóa quy trình giám sát bằng công nghệ thông tin ") -> theo dõi và quản lý các vết nứt công trình , tự động hóa quy trình giám sát bằng công nghệ thông tin | L34: =IFERROR(__xludf.DUMMYFUNCTION("""COMPUTED_VALUE"""),"Xây dựng một hệ thống theo dõi và ghi nhận các vết nứt trong công trình,Tự động hóa quá trình bảo trì công trình.,Tối ưu hóa chi phí và thời gian bảo trì") -> Xây dựng một hệ thống theo dõi và ghi nhận các vết nứt trong công trình,Tự động hóa quá trình bảo trì công trình.,Tối ưu hóa chi phí và thời gian bảo trì | Q34: =IFERROR(__xludf.DUMMYFUNCTION("""COMPUTED_VALUE"""),"TNDHLTK24_20251001") -> TNDHLTK24_20251001
A35: =IFERROR(__xludf.DUMMYFUNCTION("""COMPUTED_VALUE"""),45840.75560576389) -> 45840.756 | B35: =IFERROR(__xludf.DUMMYFUNCTION("""COMPUTED_VALUE"""),"nghthaitu@gmail.com") -> nghthaitu@gmail.com | C35: =IFERROR(__xludf.DUMMYFUNCTION("""COMPUTED_VALUE"""),4.24000086E8) -> 424000086 | D35: =IFERROR(__xludf.DUMMYFUNCTION("""COMPUTED_VALUE"""),"Nguyễn Hoàng Thái Tú") -> Nguyễn Hoàng Thái Tú | E35: =IFERROR(__xludf.DUMMYFUNCTION("""COMPUTED_VALUE"""),"0931553401") -> 0931553401 | F35: =IFERROR(__xludf.DUMMYFUNCTION("""COMPUTED_VALUE"""),"24CT402") -> 24CT402 | G35: =IFERROR(__xludf.DUMMYFUNCTION("""COMPUTED_VALUE"""),"Thực hiện đồ án tốt nghiệp") -> Thực hiện đồ án tốt nghiệp | H35: =IFERROR(__xludf.DUMMYFUNCTION("""COMPUTED_VALUE"""),"Hoàng Hải Dương") -> Hoàng Hải Dương | I35: =IFERROR(__xludf.DUMMYFUNCTION("""COMPUTED_VALUE"""),"Hoàng Hải Dương") -> Hoàng Hải Dương | J35: =IFERROR(__xludf.DUMMYFUNCTION("""COMPUTED_VALUE"""),"Hệ thống bảo trì và quản lý các vết nứt công trình của tòa nhà") -> Hệ thống bảo trì và quản lý các vết nứt công trình của tòa nhà | K35: =IFERROR(__xludf.DUMMYFUNCTION("""COMPUTED_VALUE"""),"theo dõi và quản lý các vết nứt công trình , tự động hóa quy trình giám sát bằng công nghệ thông tin ") -> theo dõi và quản lý các vết nứt công trình , tự động hóa quy trình giám sát bằng công nghệ thông tin | L35: =IFERROR(__xludf.DUMMYFUNCTION("""COMPUTED_VALUE"""),"...") -> ... | Q35: =IFERROR(__xludf.DUMMYFUNCTION("""COMPUTED_VALUE"""),"TNDHLTK24_20251001") -> TNDHLTK24_20251001
A36: =IFERROR(__xludf.DUMMYFUNCTION("""COMPUTED_VALUE"""),45840.76925616898) -> 45840.769 | B36: =IFERROR(__xludf.DUMMYFUNCTION("""COMPUTED_VALUE"""),"ptoan6389@gmail.com") -> ptoan6389@gmail.com | C36: =IFERROR(__xludf.DUMMYFUNCTION("""COMPUTED_VALUE"""),4.24000102E8) -> 424000102 | D36: =IFERROR(__xludf.DUMMYFUNCTION("""COMPUTED_VALUE"""),"Trương Vũ Phi Long") -> Trương Vũ Phi Long | E36: =IFERROR(__xludf.DUMMYFUNCTION("""COMPUTED_VALUE"""),"0399482926") -> 0399482926 | F36: =IFERROR(__xludf.DUMMYFUNCTION("""COMPUTED_VALUE"""),"24CT402") -> 24CT402 | G36: =IFERROR(__xludf.DUMMYFUNCTION("""COMPUTED_VALUE"""),"Thực hiện đồ án tốt nghiệp") -> Thực hiện đồ án tốt nghiệp | H36: =IFERROR(__xludf.DUMMYFUNCTION("""COMPUTED_VALUE"""),"Nguyễn Minh Phúc") -> Nguyễn Minh Phúc | I36: =IFERROR(__xludf.DUMMYFUNCTION("""COMPUTED_VALUE"""),"Văn Đình Vỹ Phương") -> Văn Đình Vỹ Phương | J36: =IFERROR(__xludf.DUMMYFUNCTION("""COMPUTED_VALUE"""),"website") -> website | K36: =IFERROR(__xludf.DUMMYFUNCTION("""COMPUTED_VALUE"""),"Xây dựng một website đơn giản nhằm rèn luyện kỹ năng lập trình web, hiểu và áp dụng HTML, CSS và JavaScript, đồng thời nắm được cách triển khai website lên máy chủ hoặc nền tảng hosting") -> Xây dựng một website đơn giản nhằm rèn luyện kỹ năng lập trình web, hiểu và áp dụng HTML, CSS và JavaScript, đồng thời nắm được cách triển khai website lên máy chủ hoặc nền tảng hosting | L36: =IFERROR(__xludf.DUMMYFUNCTION("""COMPUTED_VALUE"""),"Lên ý tưởng giao diện và nội dung website") -> Lên ý tưởng giao diện và nội dung website | Q36: =IFERROR(__xludf.DUMMYFUNCTION("""COMPUTED_VALUE"""),"TNDHLTK24_20251001") -> TNDHLTK24_20251001
A37: =IFERROR(__xludf.DUMMYFUNCTION("""COMPUTED_VALUE"""),45841.19561717592) -> 45841.196 | B37: =IFERROR(__xludf.DUMMYFUNCTION("""COMPUTED_VALUE"""),"lebahue73@gmail.com") -> lebahue73@gmail.com | C37: =IFERROR(__xludf.DUMMYFUNCTION("""COMPUTED_VALUE"""),5.24000188E8) -> 524000188 | D37: =IFERROR(__xludf.DUMMYFUNCTION("""COMPUTED_VALUE"""),"Lê Bá Huệ") -> Lê Bá Huệ | E37: =IFERROR(__xludf.DUMMYFUNCTION("""COMPUTED_VALUE"""),"0912111079") -> 0912111079 | F37: =IFERROR(__xludf.DUMMYFUNCTION("""COMPUTED_VALUE"""),"24CT501") -> 24CT501 | G37: =IFERROR(__xludf.DUMMYFUNCTION("""COMPUTED_VALUE"""),"Thực hiện đồ án tốt nghiệp") -> Thực hiện đồ án tốt nghiệp | H37: =IFERROR(__xludf.DUMMYFUNCTION("""COMPUTED_VALUE"""),"Văn Đình Vỹ Phương") -> Văn Đình Vỹ Phương | J37: =IFERROR(__xludf.DUMMYFUNCTION("""COMPUTED_VALUE"""),"Triển khai công nghệ gpon tại VNPT Đồng Nai ") -> Triển khai công nghệ gpon tại VNPT Đồng Nai | K37: =IFERROR(__xludf.DUMMYFUNCTION("""COMPUTED_VALUE"""),"Cung cấp mạng phát sóng wifi cho khách hàng ") -> Cung cấp mạng phát sóng wifi cho khách hàng | L37: =IFERROR(__xludf.DUMMYFUNCTION("""COMPUTED_VALUE"""),"Báo cáo tốt nghiệp ") -> Báo cáo tốt nghiệp | Q37: =IFERROR(__xludf.DUMMYFUNCTION("""COMPUTED_VALUE"""),"TNDHLTK24_20251001") -> TNDHLTK24_20251001
A38: =IFERROR(__xludf.DUMMYFUNCTION("""COMPUTED_VALUE"""),45843.654683263885) -> 45843.655 | B38: =IFERROR(__xludf.DUMMYFUNCTION("""COMPUTED_VALUE"""),"vantan291203@gmail.com") -> vantan291203@gmail.com | C38: =IFERROR(__xludf.DUMMYFUNCTION("""COMPUTED_VALUE"""),1.21000742E8) -> 121000742 | D38: =IFERROR(__xludf.DUMMYFUNCTION("""COMPUTED_VALUE"""),"Nguyễn Văn Tân") -> Nguyễn Văn Tân | E38: =IFERROR(__xludf.DUMMYFUNCTION("""COMPUTED_VALUE"""),"0971894098") -> 0971894098 | F38: =IFERROR(__xludf.DUMMYFUNCTION("""COMPUTED_VALUE"""),"21CT111") -> 21CT111 | G38: =IFERROR(__xludf.DUMMYFUNCTION("""COMPUTED_VALUE"""),"Thực hiện đồ án tốt nghiệp") -> Thực hiện đồ án tốt nghiệp | H38: =IFERROR(__xludf.DUMMYFUNCTION("""COMPUTED_VALUE"""),"Nguyễn Minh Phúc") -> Nguyễn Minh Phúc | J38: =IFERROR(__xludf.DUMMYFUNCTION("""COMPUTED_VALUE"""),"Web đăng kí khách du lịch cho doanh nghiệp") -> Web đăng kí khách du lịch cho doanh nghiệp | K38: =IFERROR(__xludf.DUMMYFUNCTION("""COMPUTED_VALUE"""),"Tối ưu hóa và tự động hóa quy trình đăng ký khách du lịch, nâng cao trải nghiệm khách hàng và hiệu quả hoạt động cho doanh nghiệp") -> Tối ưu hóa và tự động hóa quy trình đăng ký khách du lịch, nâng cao trải nghiệm khách hàng và hiệu quả hoạt động cho doanh nghiệp | L38: =IFERROR(__xludf.DUMMYFUNCTION("""COMPUTED_VALUE"""),"Xây dựng giao diện thân thiện cho khách hàng để tìm kiếm, đăng ký và thanh toán trực tuyến, đồng thời phát triển hệ thống quản trị nội bộ giúp doanh nghiệp quản lý hiệu quả các đơn đăng ký, tour du lịch và thông tin khách hàng.") -> Xây dựng giao diện thân thiện cho khách hàng để tìm kiếm, đăng ký và thanh toán trực tuyến, đồng thời phát triển hệ thống quản trị nội bộ giúp doanh nghiệp quản lý hiệu quả các đơn đăng ký, tour du lịch và thông tin khách hàng. | Q38: =IFERROR(__xludf.DUMMYFUNCTION("""COMPUTED_VALUE"""),"TNDHLTK24_20251001") -> TNDHLTK24_20251001
A39: =IFERROR(__xludf.DUMMYFUNCTION("""COMPUTED_VALUE"""),45843.860760138894) -> 45843.861 | B39: =IFERROR(__xludf.DUMMYFUNCTION("""COMPUTED_VALUE"""),"duykhanhnguyen519@gmail.com") -> duykhanhnguyen519@gmail.com | C39: =IFERROR(__xludf.DUMMYFUNCTION("""COMPUTED_VALUE"""),1.2100036E8) -> 121000360 | D39: =IFERROR(__xludf.DUMMYFUNCTION("""COMPUTED_VALUE"""),"Nguyễn Duy Khánh") -> Nguyễn Duy Khánh | E39: =IFERROR(__xludf.DUMMYFUNCTION("""COMPUTED_VALUE"""),"0332432463") -> 0332432463 | F39: =IFERROR(__xludf.DUMMYFUNCTION("""COMPUTED_VALUE"""),"21CT111") -> 21CT111 | G39: =IFERROR(__xludf.DUMMYFUNCTION("""COMPUTED_VALUE"""),"Thực hiện đồ án tốt nghiệp") -> Thực hiện đồ án tốt nghiệp | H39: =IFERROR(__xludf.DUMMYFUNCTION("""COMPUTED_VALUE"""),"Nguyễn Minh Phúc") -> Nguyễn Minh Phúc | J39: =IFERROR(__xludf.DUMMYFUNCTION("""COMPUTED_VALUE"""),"Xây dựng ứng dụng web đăng kí khách thăm quan cho doanh nghiệp ") -> Xây dựng ứng dụng web đăng kí khách thăm quan cho doanh nghiệp | K39: =IFERROR(__xludf.DUMMYFUNCTION("""COMPUTED_VALUE"""),"Ứng dụng web đăng ký khách tham quan giúp doanh nghiệp hiện đại hóa quy trình tiếp đón, nâng cao hiệu quả quản lý, đảm bảo an ninh, và mang đến trải nghiệm chuyên nghiệp cho khách. Đây là giải pháp thiết thực góp phần số hóa hoạt động vận hành doanh nghiệ"&"p.") -> Ứng dụng web đăng ký khách tham quan giúp doanh nghiệp hiện đại hóa quy trình tiếp đón, nâng cao hiệu quả quản lý, đảm bảo an ninh, và mang đến trải nghiệm chuyên nghiệp cho khách. Đây là giải pháp thiết thực góp phần số hóa hoạt động vận hành doanh nghiệp. | L39: =IFERROR(__xludf.DUMMYFUNCTION("""COMPUTED_VALUE"""),"Khảo sát yêu cầu: Tìm hiểu quy trình tiếp đón khách và nhu cầu thực tế. Thiết kế hệ thống: Xây dựng giao diện, sơ đồ chức năng và cơ sở dữ liệu. Phát triển ứng dụng: Lập trình frontend, backend và xử lý dữ liệu. Triển khai chức năng chính: Đăng ký, phê du"&"yệt, thông báo và quản lý lịch tham quan. Kiểm thử & hoàn thiện: Kiểm tra lỗi, cải tiến giao diện và tối ưu hệ thống. Triển khai sử dụng: Đưa ứng dụng vào hoạt động và hướng dẫn người dùng.") -> Khảo sát yêu cầu: Tìm hiểu quy trình tiếp đón khách và nhu cầu thực tế. Thiết kế hệ thống: Xây dựng giao diện, sơ đồ chức năng và cơ sở dữ liệu. Phát triển ứng dụng: Lập trình frontend, backend và xử lý dữ liệu. Triển khai chức năng chính: Đăng ký, phê duyệt, thông báo và quản lý lịch tham quan. Kiểm thử & hoàn thiện: Kiểm tra lỗi, cải tiến giao diện và tối ưu hệ thống. Triển khai sử dụng: Đưa ứng dụng vào hoạt động và hướng dẫn người dùng. | Q39: =IFERROR(__xludf.DUMMYFUNCTION("""COMPUTED_VALUE"""),"TNDHLTK24_20251001") -> TNDHLTK24_20251001
A40: =IFERROR(__xludf.DUMMYFUNCTION("""COMPUTED_VALUE"""),45846.906818449075) -> 45846.907 | B40: =IFERROR(__xludf.DUMMYFUNCTION("""COMPUTED_VALUE"""),"xuantu.04101985@gmail.com") -> xuantu.04101985@gmail.com | C40: =IFERROR(__xludf.DUMMYFUNCTION("""COMPUTED_VALUE"""),7.24000025E8) -> 724000025 | D40: =IFERROR(__xludf.DUMMYFUNCTION("""COMPUTED_VALUE"""),"Trần Lê Xuân Tứ") -> Trần Lê Xuân Tứ | E40: =IFERROR(__xludf.DUMMYFUNCTION("""COMPUTED_VALUE"""),"0919041085") -> 0919041085 | F40: =IFERROR(__xludf.DUMMYFUNCTION("""COMPUTED_VALUE"""),"24CT702") -> 24CT702 | G40: =IFERROR(__xludf.DUMMYFUNCTION("""COMPUTED_VALUE"""),"Thực hiện đồ án tốt nghiệp") -> Thực hiện đồ án tốt nghiệp | H40: =IFERROR(__xludf.DUMMYFUNCTION("""COMPUTED_VALUE"""),"Hoàng Hải Dương") -> Hoàng Hải Dương | I40: =IFERROR(__xludf.DUMMYFUNCTION("""COMPUTED_VALUE"""),"Hoàng Hải Dương") -> Hoàng Hải Dương | J40: =IFERROR(__xludf.DUMMYFUNCTION("""COMPUTED_VALUE"""),"Xây dựng website luyện tập toán cho hs lớp 5 với hình thức trắc nghiệm") -> Xây dựng website luyện tập toán cho hs lớp 5 với hình thức trắc nghiệm | K40: =IFERROR(__xludf.DUMMYFUNCTION("""COMPUTED_VALUE"""),"Xây dựng một website luyện tập toán học dành cho học sinh lớp 5 với dạng bài tập trắc nghiệm đa lựa chọn.") -> Xây dựng một website luyện tập toán học dành cho học sinh lớp 5 với dạng bài tập trắc nghiệm đa lựa chọn. | L40: =IFERROR(__xludf.DUMMYFUNCTION("""COMPUTED_VALUE"""),"Thiết kế giao diện (Frontend) Trang chủ: Giới thiệu, hướng dẫn sử dụng. Trang đăng nhập/đăng ký: Phân biệt học sinh, giáo viên, phụ huynh. Trang luyện tập: Hiển thị câu hỏi trắc nghiệm từng bài hoặc từng chủ đề. Trang kết quả: Hiển thị điểm số, câu trả"&" lời đúng/sai, thời gian làm bài. Trang quản lý: (dành cho giáo viên) để thêm, sửa, xóa câu hỏi. Trang thống kê: (dành cho giáo viên và phụ huynh) xem tiến độ và kết quả học tập. Thiết kế hệ thống cơ sở dữ liệu (Backend) Bảng Người dùng: thông tin học "&"sinh, giáo viên, phụ huynh. Bảng Câu hỏi: chứa câu hỏi, các lựa chọn, đáp án đúng, chủ đề, độ khó. Bảng Bài tập: nhóm câu hỏi thành từng bài hoặc chủ đề. Bảng Kết quả làm bài: lưu trữ kết quả làm bài của học sinh. Các bảng khác hỗ trợ quản lý (như phâ"&"n quyền, lịch sử hoạt động).") -> Thiết kế giao diện (Frontend) Trang chủ: Giới thiệu, hướng dẫn sử dụng. Trang đăng nhập/đăng ký: Phân biệt học sinh, giáo viên, phụ huynh. Trang luyện tập: Hiển thị câu hỏi trắc nghiệm từng bài hoặc từng chủ đề. Trang kết quả: Hiển thị điểm số, câu trả lời đúng/sai, thời gian làm bài. Trang quản lý: (dành cho giáo viên) để thêm, sửa, xóa câu hỏi. Trang thống kê: (dành cho giáo viên và phụ huynh) xem tiến độ và kết quả học tập. Thiết kế hệ thống cơ sở dữ liệu (Backend) Bảng Người dùng: thông tin học sinh, giáo viên, phụ huynh. Bảng Câu hỏi: chứa câu hỏi, các lựa chọn, đáp án đúng, chủ đề, độ khó. Bảng Bài tập: nhóm câu hỏi thành từng bài hoặc chủ đề. Bảng Kết quả làm bài: lưu trữ kết quả làm bài của học sinh. Các bảng khác hỗ trợ quản lý (như phân quyền, lịch sử hoạt động). | Q40: =IFERROR(__xludf.DUMMYFUNCTION("""COMPUTED_VALUE"""),"TNDHLTK24_20251001") -> TNDHLTK24_20251001
A41: =IFERROR(__xludf.DUMMYFUNCTION("""COMPUTED_VALUE"""),45847.50731339121) -> 45847.507 | B41: =IFERROR(__xludf.DUMMYFUNCTION("""COMPUTED_VALUE"""),"phuc@lhu.edu.vn") -> phuc@lhu.edu.vn | C41: =IFERROR(__xludf.DUMMYFUNCTION("""COMPUTED_VALUE"""),1.1900006E8) -> 119000060 | D41: =IFERROR(__xludf.DUMMYFUNCTION("""COMPUTED_VALUE"""),"Đỗ Thành Trung") -> Đỗ Thành Trung | E41: =IFERROR(__xludf.DUMMYFUNCTION("""COMPUTED_VALUE"""),"0845945539") -> 0845945539 | F41: =IFERROR(__xludf.DUMMYFUNCTION("""COMPUTED_VALUE"""),"19CT112") -> 19CT112 | G41: =IFERROR(__xludf.DUMMYFUNCTION("""COMPUTED_VALUE"""),"Thực hiện đồ án tốt nghiệp") -> Thực hiện đồ án tốt nghiệp | H41: =IFERROR(__xludf.DUMMYFUNCTION("""COMPUTED_VALUE"""),"Nguyễn Minh Phúc") -> Nguyễn Minh Phúc | J41: =IFERROR(__xludf.DUMMYFUNCTION("""COMPUTED_VALUE"""),"Phần mềm quản lý....") -> Phần mềm quản lý.... | K41: =IFERROR(__xludf.DUMMYFUNCTION("""COMPUTED_VALUE"""),"Xây dựng phần mềm quản lý....") -> Xây dựng phần mềm quản lý.... | L41: =IFERROR(__xludf.DUMMYFUNCTION("""COMPUTED_VALUE"""),"Các bước thực hiện đề tài quản lý ....") -> Các bước thực hiện đề tài quản lý .... | M41: =IFERROR(__xludf.DUMMYFUNCTION("""COMPUTED_VALUE"""),"Báo cáo lại sinh viên khóa 19") -> Báo cáo lại sinh viên khóa 19 | Q41: =IFERROR(__xludf.DUMMYFUNCTION("""COMPUTED_VALUE"""),"TNDHLTK24_20251001") -> TNDHLTK24_20251001
A42: =IFERROR(__xludf.DUMMYFUNCTION("""COMPUTED_VALUE"""),45850.63191685185) -> 45850.632 | B42: =IFERROR(__xludf.DUMMYFUNCTION("""COMPUTED_VALUE"""),"waxxu666@gmail.com") -> waxxu666@gmail.com | C42: =IFERROR(__xludf.DUMMYFUNCTION("""COMPUTED_VALUE"""),5.24000182E8) -> 524000182 | D42: =IFERROR(__xludf.DUMMYFUNCTION("""COMPUTED_VALUE"""),"Nguyễn Trọng Thanh") -> Nguyễn Trọng Thanh | E42: =IFERROR(__xludf.DUMMYFUNCTION("""COMPUTED_VALUE"""),"0367817000") -> 0367817000 | F42: =IFERROR(__xludf.DUMMYFUNCTION("""COMPUTED_VALUE"""),"24CT501") -> 24CT501 | G42: =IFERROR(__xludf.DUMMYFUNCTION("""COMPUTED_VALUE"""),"Thực hiện đồ án tốt nghiệp") -> Thực hiện đồ án tốt nghiệp | H42: =IFERROR(__xludf.DUMMYFUNCTION("""COMPUTED_VALUE"""),"Hồ Ngọc Hoàng Long") -> Hồ Ngọc Hoàng Long | I42: =IFERROR(__xludf.DUMMYFUNCTION("""COMPUTED_VALUE"""),"Hồ Ngọc Hoàng Long") -> Hồ Ngọc Hoàng Long | J42: =IFERROR(__xludf.DUMMYFUNCTION("""COMPUTED_VALUE"""),"Xây dựng hệ thống web quản lý công việc và chấm công cho doanh nghiệp vừa và nhỏ") -> Xây dựng hệ thống web quản lý công việc và chấm công cho doanh nghiệp vừa và nhỏ | K42: =IFERROR(__xludf.DUMMYFUNCTION("""COMPUTED_VALUE"""),"Thiết kế và xây dựng hệ thống web: Quản lý công việc theo phòng ban, nhân sự. Chấm công hằng ngày (check-in/check-out). Thống kê và báo cáo công việc, thời gian làm việc. Đảm bảo giao diện thân thiện, dễ sử dụng. Có thể triển khai sử dụng thật tại doanh n"&"ghiệp nhỏ.") -> Thiết kế và xây dựng hệ thống web: Quản lý công việc theo phòng ban, nhân sự. Chấm công hằng ngày (check-in/check-out). Thống kê và báo cáo công việc, thời gian làm việc. Đảm bảo giao diện thân thiện, dễ sử dụng. Có thể triển khai sử dụng thật tại doanh nghiệp nhỏ. | L42: =IFERROR(__xludf.DUMMYFUNCTION("""COMPUTED_VALUE"""),"Chương 1: Giới thiệu đề tài Lý do chọn đề tài Mục tiêu, phạm vi và ý nghĩa thực tiễn Chương 2: Cơ sở lý thuyết và công nghệ Mô hình MVC Kiến trúc client-server RESTful API Công nghệ ReactJS, NodeJS, MySQL Chương 3: Phân tích và thiết kế hệ thống Khả"&"o sát thực tế nhu cầu Biểu đồ Use Case Biểu đồ hoạt động (Activity Diagram) Mô hình ERD và cơ sở dữ liệu Chương 4: Cài đặt và triển khai hệ thống Giao diện người dùng (UI) Mô tả các chức năng đã xây dựng Kết quả kiểm thử hệ thống Chương 5: Đánh giá"&" và hướng phát triển Đánh giá kết quả thực hiện Hạn chế Hướng phát triển tương lai (mobile app, nhận diện khuôn mặt,...)") -> Chương 1: Giới thiệu đề tài Lý do chọn đề tài Mục tiêu, phạm vi và ý nghĩa thực tiễn Chương 2: Cơ sở lý thuyết và công nghệ Mô hình MVC Kiến trúc client-server RESTful API Công nghệ ReactJS, NodeJS, MySQL Chương 3: Phân tích và thiết kế hệ thống Khảo sát thực tế nhu cầu Biểu đồ Use Case Biểu đồ hoạt động (Activity Diagram) Mô hình ERD và cơ sở dữ liệu Chương 4: Cài đặt và triển khai hệ thống Giao diện người dùng (UI) Mô tả các chức năng đã xây dựng Kết quả kiểm thử hệ thống Chương 5: Đánh giá và hướng phát triển Đánh giá kết quả thực hiện Hạn chế Hướng phát triển tương lai (mobile app, nhận diện khuôn mặt,...) | Q42: =IFERROR(__xludf.DUMMYFUNCTION("""COMPUTED_VALUE"""),"TNDHLTK24_20251001") -> TNDHLTK24_20251001
A43: =IFERROR(__xludf.DUMMYFUNCTION("""COMPUTED_VALUE"""),45895.60891385417) -> 45895.609 | B43: =IFERROR(__xludf.DUMMYFUNCTION("""COMPUTED_VALUE"""),"khanghuy082000@gmail.com") -> khanghuy082000@gmail.com | C43: =IFERROR(__xludf.DUMMYFUNCTION("""COMPUTED_VALUE"""),1.18000694E8) -> 118000694 | D43: =IFERROR(__xludf.DUMMYFUNCTION("""COMPUTED_VALUE"""),"Phùng akhang Huy") -> Phùng akhang Huy | E43: =IFERROR(__xludf.DUMMYFUNCTION("""COMPUTED_VALUE"""),"0362735686") -> 0362735686 | F43: =IFERROR(__xludf.DUMMYFUNCTION("""COMPUTED_VALUE"""),"18CT111") -> 18CT111 | G43: =IFERROR(__xludf.DUMMYFUNCTION("""COMPUTED_VALUE"""),"Thực hiện đồ án tốt nghiệp") -> Thực hiện đồ án tốt nghiệp | H43: =IFERROR(__xludf.DUMMYFUNCTION("""COMPUTED_VALUE"""),"Hồ Ngọc Hoàng Long") -> Hồ Ngọc Hoàng Long | I43: =IFERROR(__xludf.DUMMYFUNCTION("""COMPUTED_VALUE"""),"Hồ Ngọc Hoàng Long") -> Hồ Ngọc Hoàng Long | J43: =IFERROR(__xludf.DUMMYFUNCTION("""COMPUTED_VALUE"""),"Hệ Thống IoT Cho Vườn Thanh Long") -> Hệ Thống IoT Cho Vườn Thanh Long | K43: =IFERROR(__xludf.DUMMYFUNCTION("""COMPUTED_VALUE"""),"Tối ưu hệ thống chiếu sáng tiết kiệm chi phí đầu tư nhưng vẫn đạt hiệu quả cao") -> Tối ưu hệ thống chiếu sáng tiết kiệm chi phí đầu tư nhưng vẫn đạt hiệu quả cao | L43: =IFERROR(__xludf.DUMMYFUNCTION("""COMPUTED_VALUE"""),"Xây dựng 1 thiết bị IoT có thể điều khiển kiểm soát hệ thống chiếu sáng vườn thanh long. Có khả năng điều khiển từ xa và chạy tự động theo lịch trình thời tiết được định sẵn") -> Xây dựng 1 thiết bị IoT có thể điều khiển kiểm soát hệ thống chiếu sáng vườn thanh long. Có khả năng điều khiển từ xa và chạy tự động theo lịch trình thời tiết được định sẵn | Q43: =IFERROR(__xludf.DUMMYFUNCTION("""COMPUTED_VALUE"""),"TNDHLTK24_20251001") -> TNDHLTK24_20251001
A44: =IFERROR(__xludf.DUMMYFUNCTION("""COMPUTED_VALUE"""),45925.37314178241) -> 45925.373 | B44: =IFERROR(__xludf.DUMMYFUNCTION("""COMPUTED_VALUE"""),"jumplylion@gmail.com") -> jumplylion@gmail.com | C44: =IFERROR(__xludf.DUMMYFUNCTION("""COMPUTED_VALUE"""),1.16000667E8) -> 116000667 | D44: =IFERROR(__xludf.DUMMYFUNCTION("""COMPUTED_VALUE"""),"Nguyễn Trần Tiến") -> Nguyễn Trần Tiến | E44: =IFERROR(__xludf.DUMMYFUNCTION("""COMPUTED_VALUE"""),"0889663468") -> 0889663468 | F44: =IFERROR(__xludf.DUMMYFUNCTION("""COMPUTED_VALUE"""),"16SE111") -> 16SE111 | G44: =IFERROR(__xludf.DUMMYFUNCTION("""COMPUTED_VALUE"""),"Thực hiện đồ án tốt nghiệp") -> Thực hiện đồ án tốt nghiệp | H44: =IFERROR(__xludf.DUMMYFUNCTION("""COMPUTED_VALUE"""),"Bùi Thị Thu Trang") -> Bùi Thị Thu Trang | J44: =IFERROR(__xludf.DUMMYFUNCTION("""COMPUTED_VALUE"""),"HỆ THỐNG QUẢN LÝ KHÁCH HÀNG VÀ PHÂN PHỐI BÁN HÀNG") -> HỆ THỐNG QUẢN LÝ KHÁCH HÀNG VÀ PHÂN PHỐI BÁN HÀNG | K44: =IFERROR(__xludf.DUMMYFUNCTION("""COMPUTED_VALUE"""),"Mục tiêu là tối ưu hoá quy trình quản lý đơn hàng và cải thiện quản lý") -> Mục tiêu là tối ưu hoá quy trình quản lý đơn hàng và cải thiện quản lý | L44: =IFERROR(__xludf.DUMMYFUNCTION("""COMPUTED_VALUE"""),"Thiết kế website hệ thống quản lý khách hàng và phân phối đơn hàng") -> Thiết kế website hệ thống quản lý khách hàng và phân phối đơn hàng | Q44: =IFERROR(__xludf.DUMMYFUNCTION("""COMPUTED_VALUE"""),"TNDHLTK24_20251001") -> TNDHLTK24_20251001
A45: =IFERROR(__xludf.DUMMYFUNCTION("""COMPUTED_VALUE"""),46016.393675960644) -> 46016.394 | B45: =IFERROR(__xludf.DUMMYFUNCTION("""COMPUTED_VALUE"""),"debeare444@gmail.com") -> debeare444@gmail.com | C45: =IFERROR(__xludf.DUMMYFUNCTION("""COMPUTED_VALUE"""),1.22001545E8) -> 122001545 | D45: =IFERROR(__xludf.DUMMYFUNCTION("""COMPUTED_VALUE"""),"Lê Đức Huy") -> Lê Đức Huy | E45: =IFERROR(__xludf.DUMMYFUNCTION("""COMPUTED_VALUE"""),"0389255416") -> 0389255416 | F45: =IFERROR(__xludf.DUMMYFUNCTION("""COMPUTED_VALUE"""),"22CT114") -> 22CT114 | G45: =IFERROR(__xludf.DUMMYFUNCTION("""COMPUTED_VALUE"""),"Thực hiện đồ án tốt nghiệp") -> Thực hiện đồ án tốt nghiệp | H45: =IFERROR(__xludf.DUMMYFUNCTION("""COMPUTED_VALUE"""),"Bùi Xuân Cảnh") -> Bùi Xuân Cảnh | J45: =IFERROR(__xludf.DUMMYFUNCTION("""COMPUTED_VALUE"""),"Wed quản lý tài chính và gợi ý tiết kiệm") -> Wed quản lý tài chính và gợi ý tiết kiệm | K45: =IFERROR(__xludf.DUMMYFUNCTION("""COMPUTED_VALUE"""),"Giúp người dùng kiểm soát chi tiêu và tiết kiệm hiệu quả hơn dựa trên dữ liệu tài chính cá nhân và đưa ra gợi ý tiết kiệm phù hợp với thói quen chi tiêu của từng người dùng.") -> Giúp người dùng kiểm soát chi tiêu và tiết kiệm hiệu quả hơn dựa trên dữ liệu tài chính cá nhân và đưa ra gợi ý tiết kiệm phù hợp với thói quen chi tiêu của từng người dùng. | L45: =IFERROR(__xludf.DUMMYFUNCTION("""COMPUTED_VALUE"""),"Thực hiện hoàn thành api cho web và điều chỉnh lại ui theo những gì giáo viên gợi ý") -> Thực hiện hoàn thành api cho web và điều chỉnh lại ui theo những gì giáo viên gợi ý | Q45: =IFERROR(__xludf.DUMMYFUNCTION("""COMPUTED_VALUE"""),"TNDHLTK22_202610515") -> TNDHLTK22_202610515
A46: =IFERROR(__xludf.DUMMYFUNCTION("""COMPUTED_VALUE"""),46016.40885591436) -> 46016.409 | B46: =IFERROR(__xludf.DUMMYFUNCTION("""COMPUTED_VALUE"""),"ohmaichuoi08@gmail.com") -> ohmaichuoi08@gmail.com | C46: =IFERROR(__xludf.DUMMYFUNCTION("""COMPUTED_VALUE"""),1.22000843E8) -> 122000843 | D46: =IFERROR(__xludf.DUMMYFUNCTION("""COMPUTED_VALUE"""),"Nguyễn Huy Quang") -> Nguyễn Huy Quang | E46: =IFERROR(__xludf.DUMMYFUNCTION("""COMPUTED_VALUE"""),"0588845537") -> 0588845537 | F46: =IFERROR(__xludf.DUMMYFUNCTION("""COMPUTED_VALUE"""),"22CT112") -> 22CT112 | G46: =IFERROR(__xludf.DUMMYFUNCTION("""COMPUTED_VALUE"""),"Thực hiện đồ án tốt nghiệp") -> Thực hiện đồ án tốt nghiệp | H46: =IFERROR(__xludf.DUMMYFUNCTION("""COMPUTED_VALUE"""),"Nguyễn Minh Phúc") -> Nguyễn Minh Phúc | J46: =IFERROR(__xludf.DUMMYFUNCTION("""COMPUTED_VALUE"""),"XÂY DỰNG DASHBOARD CÁ NHÂN HÓA CHO SINH VIÊN TRÊN HỆ THỐNG QUẢN LÝ HỌC TẬP (LMS)") -> XÂY DỰNG DASHBOARD CÁ NHÂN HÓA CHO SINH VIÊN TRÊN HỆ THỐNG QUẢN LÝ HỌC TẬP (LMS) | K46: =IFERROR(__xludf.DUMMYFUNCTION("""COMPUTED_VALUE"""),"Xây dựng hệ thống dashboard theo dõi tiến độ học tập theo thời gian thực Phát triển hệ thống gợi ý bài tập cá nhân hóa dựa trên năng lực sinh viên Tích hợp AI hỗ trợ chấm điểm và feedback tự động (công cụ hỗ trợ, không thay thế đánh giá truyền thống) Xây "&"dựng hệ thống phân tích và đánh giá kỹ năng mềm Phát triển hệ thống cảnh báo sớm sinh viên có nguy cơ học kém") -> Xây dựng hệ thống dashboard theo dõi tiến độ học tập theo thời gian thực Phát triển hệ thống gợi ý bài tập cá nhân hóa dựa trên năng lực sinh viên Tích hợp AI hỗ trợ chấm điểm và feedback tự động (công cụ hỗ trợ, không thay thế đánh giá truyền thống) Xây dựng hệ thống phân tích và đánh giá kỹ năng mềm Phát triển hệ thống cảnh báo sớm sinh viên có nguy cơ học kém | L46: =IFERROR(__xludf.DUMMYFUNCTION("""COMPUTED_VALUE"""),"Xây dựng hệ thống dashboard theo dõi tiến độ học tập theo thời gian thực Phát triển hệ thống gợi ý bài tập cá nhân hóa dựa trên năng lực sinh viên Tích hợp AI hỗ trợ chấm điểm và feedback tự động (công cụ hỗ trợ, không thay thế đánh giá truyền thống) Xây "&"dựng hệ thống phân tích và đánh giá kỹ năng mềm Phát triển hệ thống cảnh báo sớm sinh viên có nguy cơ học kém ") -> Xây dựng hệ thống dashboard theo dõi tiến độ học tập theo thời gian thực Phát triển hệ thống gợi ý bài tập cá nhân hóa dựa trên năng lực sinh viên Tích hợp AI hỗ trợ chấm điểm và feedback tự động (công cụ hỗ trợ, không thay thế đánh giá truyền thống) Xây dựng hệ thống phân tích và đánh giá kỹ năng mềm Phát triển hệ thống cảnh báo sớm sinh viên có nguy cơ học kém | Q46: =IFERROR(__xludf.DUMMYFUNCTION("""COMPUTED_VALUE"""),"TNDHLTK22_202610515") -> TNDHLTK22_202610515
A47: =IFERROR(__xludf.DUMMYFUNCTION("""COMPUTED_VALUE"""),46016.41000592592) -> 46016.41 | B47: =IFERROR(__xludf.DUMMYFUNCTION("""COMPUTED_VALUE"""),"nkhoi1383@gmail.com") -> nkhoi1383@gmail.com | C47: =IFERROR(__xludf.DUMMYFUNCTION("""COMPUTED_VALUE"""),1.22001502E8) -> 122001502 | D47: =IFERROR(__xludf.DUMMYFUNCTION("""COMPUTED_VALUE"""),"Nguyễn Minh Khôi") -> Nguyễn Minh Khôi | E47: =IFERROR(__xludf.DUMMYFUNCTION("""COMPUTED_VALUE"""),"0978244042") -> 0978244042 | F47: =IFERROR(__xludf.DUMMYFUNCTION("""COMPUTED_VALUE"""),"22CT115") -> 22CT115 | G47: =IFERROR(__xludf.DUMMYFUNCTION("""COMPUTED_VALUE"""),"Đặc cách tốt nghiệp") -> Đặc cách tốt nghiệp | H47: =IFERROR(__xludf.DUMMYFUNCTION("""COMPUTED_VALUE"""),"Đặc cách tốt nghiệp") -> Đặc cách tốt nghiệp | N47: =IFERROR(__xludf.DUMMYFUNCTION("""COMPUTED_VALUE""")," Đang đợi kết quả xét đặc cách") -> Đang đợi kết quả xét đặc cách | O47: =IFERROR(__xludf.DUMMYFUNCTION("""COMPUTED_VALUE"""),8.0) -> 8 | P47: =IFERROR(__xludf.DUMMYFUNCTION("""COMPUTED_VALUE"""),"https://drive.google.com/open?id=1YAhusFmQhshhGs1_-B0-1bl60g5yFswD") -> https://drive.google.com/open?id=1YAhusFmQhshhGs1_-B0-1bl60g5yFswD | Q47: =IFERROR(__xludf.DUMMYFUNCTION("""COMPUTED_VALUE"""),"TNDHLTK22_202610515") -> TNDHLTK22_202610515
A48: =IFERROR(__xludf.DUMMYFUNCTION("""COMPUTED_VALUE"""),46016.41685952546) -> 46016.417 | B48: =IFERROR(__xludf.DUMMYFUNCTION("""COMPUTED_VALUE"""),"nguyen03012004@gmail.com") -> nguyen03012004@gmail.com | C48: =IFERROR(__xludf.DUMMYFUNCTION("""COMPUTED_VALUE"""),1.22001389E8) -> 122001389 | D48: =IFERROR(__xludf.DUMMYFUNCTION("""COMPUTED_VALUE"""),"Tạ Hảo Nguyên") -> Tạ Hảo Nguyên | E48: =IFERROR(__xludf.DUMMYFUNCTION("""COMPUTED_VALUE"""),"0971420301") -> 0971420301 | F48: =IFERROR(__xludf.DUMMYFUNCTION("""COMPUTED_VALUE"""),"22CT115") -> 22CT115 | G48: =IFERROR(__xludf.DUMMYFUNCTION("""COMPUTED_VALUE"""),"Đặc cách tốt nghiệp") -> Đặc cách tốt nghiệp | H48: =IFERROR(__xludf.DUMMYFUNCTION("""COMPUTED_VALUE"""),"Đặc cách tốt nghiệp") -> Đặc cách tốt nghiệp | N48: =IFERROR(__xludf.DUMMYFUNCTION("""COMPUTED_VALUE"""),"Đi thi robocon 2024, vào vòng 1/16, đã có điểm trên ME") -> Đi thi robocon 2024, vào vòng 1/16, đã có điểm trên ME | O48: =IFERROR(__xludf.DUMMYFUNCTION("""COMPUTED_VALUE"""),9.0) -> 9 | P48: =IFERROR(__xludf.DUMMYFUNCTION("""COMPUTED_VALUE"""),"https://drive.google.com/open?id=1gyl8v7g4SAh13PNPvaZtLWVnNO4tJfby") -> https://drive.google.com/open?id=1gyl8v7g4SAh13PNPvaZtLWVnNO4tJfby | Q48: =IFERROR(__xludf.DUMMYFUNCTION("""COMPUTED_VALUE"""),"TNDHLTK22_202610515") -> TNDHLTK22_202610515
A49: =IFERROR(__xludf.DUMMYFUNCTION("""COMPUTED_VALUE"""),46016.42961021991) -> 46016.43 | B49: =IFERROR(__xludf.DUMMYFUNCTION("""COMPUTED_VALUE"""),"donguyenduydo@gmail.com") -> donguyenduydo@gmail.com | C49: =IFERROR(__xludf.DUMMYFUNCTION("""COMPUTED_VALUE"""),1.22000755E8) -> 122000755 | D49: =IFERROR(__xludf.DUMMYFUNCTION("""COMPUTED_VALUE"""),"Nguyễn Duy Độ") -> Nguyễn Duy Độ | E49: =IFERROR(__xludf.DUMMYFUNCTION("""COMPUTED_VALUE"""),"0984375264") -> 0984375264 | F49: =IFERROR(__xludf.DUMMYFUNCTION("""COMPUTED_VALUE"""),"22CT112") -> 22CT112 | G49: =IFERROR(__xludf.DUMMYFUNCTION("""COMPUTED_VALUE"""),"Đặc cách tốt nghiệp") -> Đặc cách tốt nghiệp | H49: =IFERROR(__xludf.DUMMYFUNCTION("""COMPUTED_VALUE"""),"Đặc cách tốt nghiệp") -> Đặc cách tốt nghiệp | N49: =IFERROR(__xludf.DUMMYFUNCTION("""COMPUTED_VALUE"""),"Đang đợi kết quả xét đặc cách") -> Đang đợi kết quả xét đặc cách | O49: =IFERROR(__xludf.DUMMYFUNCTION("""COMPUTED_VALUE"""),10.0) -> 10 | P49: =IFERROR(__xludf.DUMMYFUNCTION("""COMPUTED_VALUE"""),"https://drive.google.com/open?id=14nQrj64IjpPyodkoWYt5cbk-oJizdcgc") -> https://drive.google.com/open?id=14nQrj64IjpPyodkoWYt5cbk-oJizdcgc | Q49: =IFERROR(__xludf.DUMMYFUNCTION("""COMPUTED_VALUE"""),"TNDHLTK22_202610515") -> TNDHLTK22_202610515
A50: =IFERROR(__xludf.DUMMYFUNCTION("""COMPUTED_VALUE"""),46016.43529824074) -> 46016.435 | B50: =IFERROR(__xludf.DUMMYFUNCTION("""COMPUTED_VALUE"""),"khacduc44@gmail.com") -> khacduc44@gmail.com | C50: =IFERROR(__xludf.DUMMYFUNCTION("""COMPUTED_VALUE"""),1.2100124E8) -> 121001240 | D50: =IFERROR(__xludf.DUMMYFUNCTION("""COMPUTED_VALUE"""),"Đỗ Khắc Đức") -> Đỗ Khắc Đức | E50: =IFERROR(__xludf.DUMMYFUNCTION("""COMPUTED_VALUE"""),"0896615244") -> 0896615244 | F50: =IFERROR(__xludf.DUMMYFUNCTION("""COMPUTED_VALUE"""),"22CT112") -> 22CT112 | G50: =IFERROR(__xludf.DUMMYFUNCTION("""COMPUTED_VALUE"""),"Thực hiện đồ án tốt nghiệp") -> Thực hiện đồ án tốt nghiệp | H50: =IFERROR(__xludf.DUMMYFUNCTION("""COMPUTED_VALUE"""),"Hồ Ngọc Hoàng Long") -> Hồ Ngọc Hoàng Long | J50: =IFERROR(__xludf.DUMMYFUNCTION("""COMPUTED_VALUE"""),"Xây dựng hệ thống trợ lý ảo gợi ý thực phẩm dành cho người tập Gym(GYM FOOD AI)") -> Xây dựng hệ thống trợ lý ảo gợi ý thực phẩm dành cho người tập Gym(GYM FOOD AI) | K50: =IFERROR(__xludf.DUMMYFUNCTION("""COMPUTED_VALUE"""),"Hoàn thành dự án") -> Hoàn thành dự án | L50: =IFERROR(__xludf.DUMMYFUNCTION("""COMPUTED_VALUE"""),"Xây dựng chế độ ăn uống phù hợp cho người tập gym ") -> Xây dựng chế độ ăn uống phù hợp cho người tập gym | Q50: =IFERROR(__xludf.DUMMYFUNCTION("""COMPUTED_VALUE"""),"TNDHLTK22_202610515") -> TNDHLTK22_202610515
A51: =IFERROR(__xludf.DUMMYFUNCTION("""COMPUTED_VALUE"""),46016.45606600694) -> 46016.456 | B51: =IFERROR(__xludf.DUMMYFUNCTION("""COMPUTED_VALUE"""),"phiphi19784321@gmail.com") -> phiphi19784321@gmail.com | C51: =IFERROR(__xludf.DUMMYFUNCTION("""COMPUTED_VALUE"""),1.2200055E8) -> 122000550 | D51: =IFERROR(__xludf.DUMMYFUNCTION("""COMPUTED_VALUE"""),"Tạ Ngọc Phi Phi") -> Tạ Ngọc Phi Phi | E51: =IFERROR(__xludf.DUMMYFUNCTION("""COMPUTED_VALUE"""),"0348214308") -> 0348214308 | F51: =IFERROR(__xludf.DUMMYFUNCTION("""COMPUTED_VALUE"""),"22CT112") -> 22CT112 | G51: =IFERROR(__xludf.DUMMYFUNCTION("""COMPUTED_VALUE"""),"Thực hiện đồ án tốt nghiệp") -> Thực hiện đồ án tốt nghiệp | H51: =IFERROR(__xludf.DUMMYFUNCTION("""COMPUTED_VALUE"""),"Nguyễn Minh Phúc") -> Nguyễn Minh Phúc | J51: =IFERROR(__xludf.DUMMYFUNCTION("""COMPUTED_VALUE"""),"XÂY DỰNG DASHBOARD CÁ NHÂN HÓA CHO SINH VIÊN TRÊN HỆ THỐNG QUẢN LÝ HỌC TẬP (LMS)") -> XÂY DỰNG DASHBOARD CÁ NHÂN HÓA CHO SINH VIÊN TRÊN HỆ THỐNG QUẢN LÝ HỌC TẬP (LMS) | K51: =IFERROR(__xludf.DUMMYFUNCTION("""COMPUTED_VALUE"""),"Xây dựng hệ thống dashboard theo dõi tiến độ học tập theo thời gian thực") -> Xây dựng hệ thống dashboard theo dõi tiến độ học tập theo thời gian thực | L51: =IFERROR(__xludf.DUMMYFUNCTION("""COMPUTED_VALUE"""),"Phát triển hệ thống gợi ý bài tập cá nhân hóa dựa trên năng lực sinh viên Tích hợp AI hỗ trợ chấm điểm và feedback tự động (công cụ hỗ trợ, không thay thế đánh giá truyền thống) Xây dựng hệ thống phân tích và đánh giá kỹ năng mềm Phát triển hệ thống cảnh "&"báo sớm sinh viên có nguy cơ học kém") -> Phát triển hệ thống gợi ý bài tập cá nhân hóa dựa trên năng lực sinh viên Tích hợp AI hỗ trợ chấm điểm và feedback tự động (công cụ hỗ trợ, không thay thế đánh giá truyền thống) Xây dựng hệ thống phân tích và đánh giá kỹ năng mềm Phát triển hệ thống cảnh báo sớm sinh viên có nguy cơ học kém | Q51: =IFERROR(__xludf.DUMMYFUNCTION("""COMPUTED_VALUE"""),"TNDHLTK22_202610515") -> TNDHLTK22_202610515
A52: =IFERROR(__xludf.DUMMYFUNCTION("""COMPUTED_VALUE"""),46016.45693328704) -> 46016.457 | B52: =IFERROR(__xludf.DUMMYFUNCTION("""COMPUTED_VALUE"""),"hiambba2112@gmail.com") -> hiambba2112@gmail.com | C52: =IFERROR(__xludf.DUMMYFUNCTION("""COMPUTED_VALUE"""),1.22001599E8) -> 122001599 | D52: =IFERROR(__xludf.DUMMYFUNCTION("""COMPUTED_VALUE"""),"Bùi Bảo Anh") -> Bùi Bảo Anh | E52: =IFERROR(__xludf.DUMMYFUNCTION("""COMPUTED_VALUE"""),"0911418758") -> 0911418758 | F52: =IFERROR(__xludf.DUMMYFUNCTION("""COMPUTED_VALUE"""),"22CT115") -> 22CT115 | G52: =IFERROR(__xludf.DUMMYFUNCTION("""COMPUTED_VALUE"""),"Đặc cách tốt nghiệp") -> Đặc cách tốt nghiệp | H52: =IFERROR(__xludf.DUMMYFUNCTION("""COMPUTED_VALUE"""),"Đặc cách tốt nghiệp") -> Đặc cách tốt nghiệp | N52: =IFERROR(__xludf.DUMMYFUNCTION("""COMPUTED_VALUE"""),"Bị mất file và hình ảnh. Em đã bổ sung bằng hình ảnh điểm và quyết định của khoa") -> Bị mất file và hình ảnh. Em đã bổ sung bằng hình ảnh điểm và quyết định của khoa | O52: =IFERROR(__xludf.DUMMYFUNCTION("""COMPUTED_VALUE"""),9.0) -> 9 | P52: =IFERROR(__xludf.DUMMYFUNCTION("""COMPUTED_VALUE"""),"https://drive.google.com/open?id=19gqrjxyv0eOiyRk9VTjiUwDmiY-cGX-Z") -> https://drive.google.com/open?id=19gqrjxyv0eOiyRk9VTjiUwDmiY-cGX-Z | Q52: =IFERROR(__xludf.DUMMYFUNCTION("""COMPUTED_VALUE"""),"TNDHLTK22_202610515") -> TNDHLTK22_202610515
A53: =IFERROR(__xludf.DUMMYFUNCTION("""COMPUTED_VALUE"""),46016.65421570602) -> 46016.654 | B53: =IFERROR(__xludf.DUMMYFUNCTION("""COMPUTED_VALUE"""),"hoangthien110104@gmail.com") -> hoangthien110104@gmail.com | C53: =IFERROR(__xludf.DUMMYFUNCTION("""COMPUTED_VALUE"""),1.22001249E8) -> 122001249 | D53: =IFERROR(__xludf.DUMMYFUNCTION("""COMPUTED_VALUE"""),"Phạm Hoàng Thiện") -> Phạm Hoàng Thiện | E53: =IFERROR(__xludf.DUMMYFUNCTION("""COMPUTED_VALUE"""),"0396566706") -> 0396566706 | F53: =IFERROR(__xludf.DUMMYFUNCTION("""COMPUTED_VALUE"""),"22CT113") -> 22CT113 | G53: =IFERROR(__xludf.DUMMYFUNCTION("""COMPUTED_VALUE"""),"Đặc cách tốt nghiệp") -> Đặc cách tốt nghiệp | H53: =IFERROR(__xludf.DUMMYFUNCTION("""COMPUTED_VALUE"""),"Đặc cách tốt nghiệp") -> Đặc cách tốt nghiệp | N53: =IFERROR(__xludf.DUMMYFUNCTION("""COMPUTED_VALUE"""),"Đạt giải 3 Robocon Việt Nam") -> Đạt giải 3 Robocon Việt Nam | O53: =IFERROR(__xludf.DUMMYFUNCTION("""COMPUTED_VALUE"""),10.0) -> 10 | P53: =IFERROR(__xludf.DUMMYFUNCTION("""COMPUTED_VALUE"""),"https://drive.google.com/open?id=1DUgez0FRBVaekQk5al1h6rsm58fDBHOq") -> https://drive.google.com/open?id=1DUgez0FRBVaekQk5al1h6rsm58fDBHOq | Q53: =IFERROR(__xludf.DUMMYFUNCTION("""COMPUTED_VALUE"""),"TNDHLTK22_202610515") -> TNDHLTK22_202610515
A54: =IFERROR(__xludf.DUMMYFUNCTION("""COMPUTED_VALUE"""),46016.72360518519) -> 46016.724 | B54: =IFERROR(__xludf.DUMMYFUNCTION("""COMPUTED_VALUE"""),"minhbundy2k4@gmail.com") -> minhbundy2k4@gmail.com | C54: =IFERROR(__xludf.DUMMYFUNCTION("""COMPUTED_VALUE"""),1.22000286E8) -> 122000286 | D54: =IFERROR(__xludf.DUMMYFUNCTION("""COMPUTED_VALUE"""),"Phạm Khánh Minh ") -> Phạm Khánh Minh | E54: =IFERROR(__xludf.DUMMYFUNCTION("""COMPUTED_VALUE"""),"0792781785") -> 0792781785 | F54: =IFERROR(__xludf.DUMMYFUNCTION("""COMPUTED_VALUE"""),"22EC111") -> 22EC111 | G54: =IFERROR(__xludf.DUMMYFUNCTION("""COMPUTED_VALUE"""),"Thực hiện đồ án tốt nghiệp") -> Thực hiện đồ án tốt nghiệp | H54: =IFERROR(__xludf.DUMMYFUNCTION("""COMPUTED_VALUE"""),"Bùi Thị Thu Trang") -> Bùi Thị Thu Trang | J54: =IFERROR(__xludf.DUMMYFUNCTION("""COMPUTED_VALUE"""),"Xây dựng website thương mại điện tử và phân tích hành vi người tiêu dùng đối với sản phẩm cà phê sạch – Trường hợp thương hiệu The Bundy") -> Xây dựng website thương mại điện tử và phân tích hành vi người tiêu dùng đối với sản phẩm cà phê sạch – Trường hợp thương hiệu The Bundy | K54: =IFERROR(__xludf.DUMMYFUNCTION("""COMPUTED_VALUE"""),"Đề tài của em xây dựng một website thương mại điện tử mô phỏng cho thương hiệu cà phê sạch The Bundy, đồng thời thu thập và phân tích dữ liệu người dùng để đánh giá hành vi tiêu dùng và tiềm năng phát triển sản phẩm cà phê sạch trên nền tảng thương mại đi"&"ện tử. Cụ thể: Xây dựng website thương mại điện tử đơn giản phục vụ việc giới thiệu sản phẩm và thu thập thông tin, phản hồi từ người dùng. Thu thập dữ liệu thực tế về hành vi truy cập, nhu cầu và mức độ quan tâm của khách hàng thông qua website và khảo s"&"át trực tuyến. Phân tích dữ liệu thu thập được nhằm đánh giá hành vi tiêu dùng đối với sản phẩm cà phê sạch trên môi trường thương mại điện tử. Đề xuất một số giải pháp cải thiện website và định hướng phát triển hoạt động thương mại điện tử cho thương hiệ"&"u The Bundy.") -> Đề tài của em xây dựng một website thương mại điện tử mô phỏng cho thương hiệu cà phê sạch The Bundy, đồng thời thu thập và phân tích dữ liệu người dùng để đánh giá hành vi tiêu dùng và tiềm năng phát triển sản phẩm cà phê sạch trên nền tảng thương mại điện tử. Cụ thể: Xây dựng website thương mại điện tử đơn giản phục vụ việc giới thiệu sản phẩm và thu thập thông tin, phản hồi từ người dùng. Thu thập dữ liệu thực tế về hành vi truy cập, nhu cầu và mức độ quan tâm của khách hàng thông qua website và khảo sát trực tuyến. Phân tích dữ liệu thu thập được nhằm đánh giá hành vi tiêu dùng đối với sản phẩm cà phê sạch trên môi trường thương mại điện tử. Đề xuất một số giải pháp cải thiện website và định hướng phát triển hoạt động thương mại điện tử cho thương hiệu The Bundy. | L54: =IFERROR(__xludf.DUMMYFUNCTION("""COMPUTED_VALUE"""),"Nghiên cứu tổng quan và cơ sở lý thuyết, Phân tích và thiết kế website thương mại điện tử, xây dựng website và thu thập dữ liệu thực tế, Phân tích dữ liệu và đánh giá hành vi tiêu dùng, Đề xuất giải pháp và kết luận") -> Nghiên cứu tổng quan và cơ sở lý thuyết, Phân tích và thiết kế website thương mại điện tử, xây dựng website và thu thập dữ liệu thực tế, Phân tích dữ liệu và đánh giá hành vi tiêu dùng, Đề xuất giải pháp và kết luận | M54: =IFERROR(__xludf.DUMMYFUNCTION("""COMPUTED_VALUE"""),"Website và sản phẩm cà phê sạch trong đề tài được xây dựng theo mô hình mô phỏng, phục vụ mục đích học tập và nghiên cứu. Dữ liệu thu thập được sử dụng để phân tích hành vi người tiêu dùng, không mang tính thương mại. Tập trung vào việc ứng dụng thương "&"mại điện tử và phân tích dữ liệu ở mức độ phù hợp với sinh viên năm cuối ngành Thương mại điện tử, không đi sâu vào lập trình chuyên sâu.") -> Website và sản phẩm cà phê sạch trong đề tài được xây dựng theo mô hình mô phỏng, phục vụ mục đích học tập và nghiên cứu. Dữ liệu thu thập được sử dụng để phân tích hành vi người tiêu dùng, không mang tính thương mại. Tập trung vào việc ứng dụng thương mại điện tử và phân tích dữ liệu ở mức độ phù hợp với sinh viên năm cuối ngành Thương mại điện tử, không đi sâu vào lập trình chuyên sâu. | Q54: =IFERROR(__xludf.DUMMYFUNCTION("""COMPUTED_VALUE"""),"TNDHLTK22_202610515") -> TNDHLTK22_202610515
A55: =IFERROR(__xludf.DUMMYFUNCTION("""COMPUTED_VALUE"""),46017.342210069444) -> 46017.342 | B55: =IFERROR(__xludf.DUMMYFUNCTION("""COMPUTED_VALUE"""),"trangiahuymapdich@gmail.com") -> trangiahuymapdich@gmail.com | C55: =IFERROR(__xludf.DUMMYFUNCTION("""COMPUTED_VALUE"""),1.22000163E8) -> 122000163 | D55: =IFERROR(__xludf.DUMMYFUNCTION("""COMPUTED_VALUE"""),"Trần Gia Huy") -> Trần Gia Huy | E55: =IFERROR(__xludf.DUMMYFUNCTION("""COMPUTED_VALUE"""),"0933064408") -> 0933064408 | F55: =IFERROR(__xludf.DUMMYFUNCTION("""COMPUTED_VALUE"""),"22CT112") -> 22CT112 | G55: =IFERROR(__xludf.DUMMYFUNCTION("""COMPUTED_VALUE"""),"Thực hiện đồ án tốt nghiệp") -> Thực hiện đồ án tốt nghiệp | H55: =IFERROR(__xludf.DUMMYFUNCTION("""COMPUTED_VALUE"""),"Phan Tuấn Lực") -> Phan Tuấn Lực | I55: =IFERROR(__xludf.DUMMYFUNCTION("""COMPUTED_VALUE"""),"Phan Tuấn Lực") -> Phan Tuấn Lực | J55: =IFERROR(__xludf.DUMMYFUNCTION("""COMPUTED_VALUE"""),"Phát Triển Ứng Dụng NetLens Giám Sát và Quản Lý Hệ Thống Mạng") -> Phát Triển Ứng Dụng NetLens Giám Sát và Quản Lý Hệ Thống Mạng | K55: =IFERROR(__xludf.DUMMYFUNCTION("""COMPUTED_VALUE"""),"Mục tiêu đề tài: Nghiên cứu và phát triển một ứng dụng giám sát và quản lý hệ thống mạng cho doanh nghiệp. Kết quả của đề tài: Hệ thống cho phép doanh nghiệp, Quét nhận diện thiết bị: Người dùng sử dụng camera để xem trực tiếp thông tin thiết bị. Có hệ "&"thống cơ sở dữ liệu về thông tin các thiết bị mạng. Theo dõi thiết bị theo thời gian thực. Thông báo khi thiết bị bị mất kết nối. Cấu hình thiết bị thông qua ứng dụng.") -> Mục tiêu đề tài: Nghiên cứu và phát triển một ứng dụng giám sát và quản lý hệ thống mạng cho doanh nghiệp. Kết quả của đề tài: Hệ thống cho phép doanh nghiệp, Quét nhận diện thiết bị: Người dùng sử dụng camera để xem trực tiếp thông tin thiết bị. Có hệ thống cơ sở dữ liệu về thông tin các thiết bị mạng. Theo dõi thiết bị theo thời gian thực. Thông báo khi thiết bị bị mất kết nối. Cấu hình thiết bị thông qua ứng dụng. | L55: =IFERROR(__xludf.DUMMYFUNCTION("""COMPUTED_VALUE"""),"STT 01 Nội dung thực hiện: Khảo sát ứng dụng NetLens Thời gian: 1 tuần Thời gian thực hiện: Từ ngày 11/08/2025 đến ngày 18/08/2025 Người thực hiện: Vũ Văn Phú, Trần Gia Huy STT 02 Nội dung thực hiện: Thiết kế giao diện Thời gian: 2 tuần Thời gian thực hi"&"ện: Từ ngày 19/08/2025 đến ngày 02/09/2025 Người thực hiện: Vũ Văn Phú, Trần Gia Huy STT 03 Nội dung thực hiện: Thiết kế database Thời gian: 1 tuần Thời gian thực hiện: Từ ngày 03/09/2025 đến ngày 11/09/2025 Người thực hiện: Vũ Văn Phú, Trần Gia Huy STT"&" 04 Nội dung thực hiện: Xây dựng Server API Thời gian: 1 tuần Thời gian thực hiện: Từ ngày 12/09/2025 đến ngày 19/09/2025 Người thực hiện: Vũ Văn Phú, Trần Gia Huy STT 05 Nội dung thực hiện: Phát triển tính năng quét nhận diện thiết bị Thời gian: 4 tuần "&"Thời gian thực hiện: Từ ngày 20/09/2025 đến ngày 04/10/2025 Người thực hiện: Vũ Văn Phú, Trần Gia Huy STT 06 Nội dung thực hiện: Phát triển tính năng theo dõi thiết bị theo thời gian thực Thời gian: 1 tuần Thời gian thực hiện: Từ ngày 05/10/2025 đến ngày"&" 19/10/2025 Người thực hiện: Vũ Văn Phú, Trần Gia Huy STT 07 Nội dung thực hiện: Phát triển tính năng thông báo khi thiết bị mất kết nối Thời gian: 1 tuần Thời gian thực hiện: Từ ngày 20/10/2025 đến ngày 27/10/2025 Người thực hiện: Vũ Văn Phú, Trần Gia H"&"uy STT 08 Nội dung thực hiện: Xây dựng dịch vụ lấy thông tin thiết bị Thời gian: 2 tuần Thời gian thực hiện: Từ ngày 28/10/2025 đến ngày 11/11/2025 Người thực hiện: Vũ Văn Phú, Trần Gia Huy STT 09 Nội dung thực hiện: Phát triển tính năng cấu hình thiết "&"bị Thời gian: 1 tuần Thời gian thực hiện: Từ ngày 12/11/2025 đến ngày 19/11/2025 Người thực hiện: Vũ Văn Phú, Trần Gia Huy STT 10 Nội dung thực hiện: Phát triển tính năng AI đề xuất sửa lỗi mạng Thời gian: 1 tuần Thời gian thực hiện: Từ ngày 29/12/2025 đ"&"ến ngày 05/01/2026 Người thực hiện: Vũ Văn Phú, Trần Gia Huy STT 11 Nội dung thực hiện: Tiếp tục cải thiện, sửa lỗi, xây dựng và hoàn thiện ứng dụng Thời gian: 2 tháng Thời gian thực hiện: Từ ngày 11/01/2026 đến ngày 11/03/2026 Người thực hiện: Vũ Văn Ph"&"ú, Trần Gia Huy STT 12 Nội dung thực hiện: Triển khai phần mềm Thời gian: 2 tháng Thời gian thực hiện: Từ ngày 13/03/2026 đến ngày 13/05/2026 Người thực hiện: Vũ Văn Phú, Trần Gia Huy") -> STT 01 Nội dung thực hiện: Khảo sát ứng dụng NetLens Thời gian: 1 tuần Thời gian thực hiện: Từ ngày 11/08/2025 đến ngày 18/08/2025 Người thực hiện: Vũ Văn Phú, Trần Gia Huy STT 02 Nội dung thực hiện: Thiết kế giao diện Thời gian: 2 tuần Thời gian thực hiện: Từ ngày 19/08/2025 đến ngày 02/09/2025 Người thực hiện: Vũ Văn Phú, Trần Gia Huy STT 03 Nội dung thực hiện: Thiết kế database Thời gian: 1 tuần Thời gian thực hiện: Từ ngày 03/09/2025 đến ngày 11/09/2025 Người thực hiện: Vũ Văn Phú, Trần Gia Huy STT 04 Nội dung thực hiện: Xây dựng Server API Thời gian: 1 tuần Thời gian thực hiện: Từ ngày 12/09/2025 đến ngày 19/09/2025 Người thực hiện: Vũ Văn Phú, Trần Gia Huy STT 05 Nội dung thực hiện: Phát triển tính năng quét nhận diện thiết bị Thời gian: 4 tuần Thời gian thực hiện: Từ ngày 20/09/2025 đến ngày 04/10/2025 Người thực hiện: Vũ Văn Phú, Trần Gia Huy STT 06 Nội dung thực hiện: Phát triển tính năng theo dõi thiết bị theo thời gian thực Thời gian: 1 tuần Thời gian thực hiện: Từ ngày 05/10/2025 đến ngày 19/10/2025 Người thực hiện: Vũ Văn Phú, Trần Gia Huy STT 07 Nội dung thực hiện: Phát triển tính năng thông báo khi thiết bị mất kết nối Thời gian: 1 tuần Thời gian thực hiện: Từ ngày 20/10/2025 đến ngày 27/10/2025 Người thực hiện: Vũ Văn Phú, Trần Gia Huy STT 08 Nội dung thực hiện: Xây dựng dịch vụ lấy thông tin thiết bị Thời gian: 2 tuần Thời gian thực hiện: Từ ngày 28/10/2025 đến ngày 11/11/2025 Người thực hiện: Vũ Văn Phú, Trần Gia Huy STT 09 Nội dung thực hiện: Phát triển tính năng cấu hình thiết bị Thời gian: 1 tuần Thời gian thực hiện: Từ ngày 12/11/2025 đến ngày 19/11/2025 Người thực hiện: Vũ Văn Phú, Trần Gia Huy STT 10 Nội dung thực hiện: Phát triển tính năng AI đề xuất sửa lỗi mạng Thời gian: 1 tuần Thời gian thực hiện: Từ ngày 29/12/2025 đến ngày 05/01/2026 Người thực hiện: Vũ Văn Phú, Trần Gia Huy STT 11 Nội dung thực hiện: Tiếp tục cải thiện, sửa lỗi, xây dựng và hoàn thiện ứng dụng Thời gian: 2 tháng Thời gian thực hiện: Từ ngày 11/01/2026 đến ngày 11/03/2026 Người thực hiện: Vũ Văn Phú, Trần Gia Huy STT 12 Nội dung thực hiện: Triển khai phần mềm Thời gian: 2 tháng Thời gian thực hiện: Từ ngày 13/03/2026 đến ngày 13/05/2026 Người thực hiện: Vũ Văn Phú, Trần Gia Huy | Q55: =IFERROR(__xludf.DUMMYFUNCTION("""COMPUTED_VALUE"""),"TNDHLTK22_202610515") -> TNDHLTK22_202610515
A56: =IFERROR(__xludf.DUMMYFUNCTION("""COMPUTED_VALUE"""),46017.35266417824) -> 46017.353 | B56: =IFERROR(__xludf.DUMMYFUNCTION("""COMPUTED_VALUE"""),"vuvanphu19704@gmail.com") -> vuvanphu19704@gmail.com | C56: =IFERROR(__xludf.DUMMYFUNCTION("""COMPUTED_VALUE"""),1.22000181E8) -> 122000181 | D56: =IFERROR(__xludf.DUMMYFUNCTION("""COMPUTED_VALUE"""),"Vũ Văn Phú") -> Vũ Văn Phú | E56: =IFERROR(__xludf.DUMMYFUNCTION("""COMPUTED_VALUE"""),"0865864336") -> 0865864336 | F56: =IFERROR(__xludf.DUMMYFUNCTION("""COMPUTED_VALUE"""),"22CT112") -> 22CT112 | G56: =IFERROR(__xludf.DUMMYFUNCTION("""COMPUTED_VALUE"""),"Thực hiện đồ án tốt nghiệp") -> Thực hiện đồ án tốt nghiệp | H56: =IFERROR(__xludf.DUMMYFUNCTION("""COMPUTED_VALUE"""),"Phan Tuấn Lực") -> Phan Tuấn Lực | I56: =IFERROR(__xludf.DUMMYFUNCTION("""COMPUTED_VALUE"""),"Phan Tuấn Lực") -> Phan Tuấn Lực | J56: =IFERROR(__xludf.DUMMYFUNCTION("""COMPUTED_VALUE"""),"Phát Triển Ứng Dụng NetLens Giám Sát và Quản Lý Hệ Thống Mạng") -> Phát Triển Ứng Dụng NetLens Giám Sát và Quản Lý Hệ Thống Mạng | K56: =IFERROR(__xludf.DUMMYFUNCTION("""COMPUTED_VALUE"""),"Nghiên cứu và phát triển một ứng dụng giám sát và quản lý hệ thống mạng cho doanh nghiệp. Kết quả của đề tài: Hệ thống cho phép doanh nghiệp, Quét nhận diện thiết bị: Người dùng sử dụng camera để xem trực tiếp thông tin thiết bị. Có hệ thống cơ sở dữ li"&"ệu về thông tin các thiết bị mạng. Theo dõi thiết bị theo thời gian thực. Thông báo khi thiết bị bị mất kết nối. Cấu hình thiết bị thông qua ứng dụng.") -> Nghiên cứu và phát triển một ứng dụng giám sát và quản lý hệ thống mạng cho doanh nghiệp. Kết quả của đề tài: Hệ thống cho phép doanh nghiệp, Quét nhận diện thiết bị: Người dùng sử dụng camera để xem trực tiếp thông tin thiết bị. Có hệ thống cơ sở dữ liệu về thông tin các thiết bị mạng. Theo dõi thiết bị theo thời gian thực. Thông báo khi thiết bị bị mất kết nối. Cấu hình thiết bị thông qua ứng dụng. | L56: =IFERROR(__xludf.DUMMYFUNCTION("""COMPUTED_VALUE"""),"STT 01 Nội dung thực hiện: Khảo sát ứng dụng NetLens Thời gian: 1 tuần Thời gian thực hiện: Từ ngày 11/08/2025 đến ngày 18/08/2025 Người thực hiện: Vũ Văn Phú, Trần Gia Huy STT 02 Nội dung thực hiện: Thiết kế giao diện Thời gian: 2 tuần Thời gian thực hi"&"ện: Từ ngày 19/08/2025 đến ngày 02/09/2025 Người thực hiện: Vũ Văn Phú, Trần Gia Huy STT 03 Nội dung thực hiện: Thiết kế database Thời gian: 1 tuần Thời gian thực hiện: Từ ngày 03/09/2025 đến ngày 11/09/2025 Người thực hiện: Vũ Văn Phú, Trần Gia Huy STT"&" 04 Nội dung thực hiện: Xây dựng Server API Thời gian: 1 tuần Thời gian thực hiện: Từ ngày 12/09/2025 đến ngày 19/09/2025 Người thực hiện: Vũ Văn Phú, Trần Gia Huy STT 05 Nội dung thực hiện: Phát triển tính năng quét nhận diện thiết bị Thời gian: 4 tuần "&"Thời gian thực hiện: Từ ngày 20/09/2025 đến ngày 04/10/2025 Người thực hiện: Vũ Văn Phú, Trần Gia Huy STT 06 Nội dung thực hiện: Phát triển tính năng theo dõi thiết bị theo thời gian thực Thời gian: 1 tuần Thời gian thực hiện: Từ ngày 05/10/2025 đến ngày"&" 19/10/2025 Người thực hiện: Vũ Văn Phú, Trần Gia Huy STT 07 Nội dung thực hiện: Phát triển tính năng thông báo khi thiết bị mất kết nối Thời gian: 1 tuần Thời gian thực hiện: Từ ngày 20/10/2025 đến ngày 27/10/2025 Người thực hiện: Vũ Văn Phú, Trần Gia H"&"uy STT 08 Nội dung thực hiện: Xây dựng dịch vụ lấy thông tin thiết bị Thời gian: 2 tuần Thời gian thực hiện: Từ ngày 28/10/2025 đến ngày 11/11/2025 Người thực hiện: Vũ Văn Phú, Trần Gia Huy STT 09 Nội dung thực hiện: Phát triển tính năng cấu hình thiết "&"bị Thời gian: 1 tuần Thời gian thực hiện: Từ ngày 12/11/2025 đến ngày 19/11/2025 Người thực hiện: Vũ Văn Phú, Trần Gia Huy STT 10 Nội dung thực hiện: Phát triển tính năng AI đề xuất sửa lỗi mạng Thời gian: 1 tuần Thời gian thực hiện: Từ ngày 29/12/2025 đ"&"ến ngày 05/01/2026 Người thực hiện: Vũ Văn Phú, Trần Gia Huy STT 11 Nội dung thực hiện: Tiếp tục cải thiện, sửa lỗi, xây dựng và hoàn thiện ứng dụng Thời gian: 2 tháng Thời gian thực hiện: Từ ngày 11/01/2026 đến ngày 11/03/2026 Người thực hiện: Vũ Văn Ph"&"ú, Trần Gia Huy STT 12 Nội dung thực hiện: Triển khai phần mềm Thời gian: 2 tháng Thời gian thực hiện: Từ ngày 13/03/2026 đến ngày 13/05/2026 Người thực hiện: Vũ Văn Phú, Trần Gia Huy") -> STT 01 Nội dung thực hiện: Khảo sát ứng dụng NetLens Thời gian: 1 tuần Thời gian thực hiện: Từ ngày 11/08/2025 đến ngày 18/08/2025 Người thực hiện: Vũ Văn Phú, Trần Gia Huy STT 02 Nội dung thực hiện: Thiết kế giao diện Thời gian: 2 tuần Thời gian thực hiện: Từ ngày 19/08/2025 đến ngày 02/09/2025 Người thực hiện: Vũ Văn Phú, Trần Gia Huy STT 03 Nội dung thực hiện: Thiết kế database Thời gian: 1 tuần Thời gian thực hiện: Từ ngày 03/09/2025 đến ngày 11/09/2025 Người thực hiện: Vũ Văn Phú, Trần Gia Huy STT 04 Nội dung thực hiện: Xây dựng Server API Thời gian: 1 tuần Thời gian thực hiện: Từ ngày 12/09/2025 đến ngày 19/09/2025 Người thực hiện: Vũ Văn Phú, Trần Gia Huy STT 05 Nội dung thực hiện: Phát triển tính năng quét nhận diện thiết bị Thời gian: 4 tuần Thời gian thực hiện: Từ ngày 20/09/2025 đến ngày 04/10/2025 Người thực hiện: Vũ Văn Phú, Trần Gia Huy STT 06 Nội dung thực hiện: Phát triển tính năng theo dõi thiết bị theo thời gian thực Thời gian: 1 tuần Thời gian thực hiện: Từ ngày 05/10/2025 đến ngày 19/10/2025 Người thực hiện: Vũ Văn Phú, Trần Gia Huy STT 07 Nội dung thực hiện: Phát triển tính năng thông báo khi thiết bị mất kết nối Thời gian: 1 tuần Thời gian thực hiện: Từ ngày 20/10/2025 đến ngày 27/10/2025 Người thực hiện: Vũ Văn Phú, Trần Gia Huy STT 08 Nội dung thực hiện: Xây dựng dịch vụ lấy thông tin thiết bị Thời gian: 2 tuần Thời gian thực hiện: Từ ngày 28/10/2025 đến ngày 11/11/2025 Người thực hiện: Vũ Văn Phú, Trần Gia Huy STT 09 Nội dung thực hiện: Phát triển tính năng cấu hình thiết bị Thời gian: 1 tuần Thời gian thực hiện: Từ ngày 12/11/2025 đến ngày 19/11/2025 Người thực hiện: Vũ Văn Phú, Trần Gia Huy STT 10 Nội dung thực hiện: Phát triển tính năng AI đề xuất sửa lỗi mạng Thời gian: 1 tuần Thời gian thực hiện: Từ ngày 29/12/2025 đến ngày 05/01/2026 Người thực hiện: Vũ Văn Phú, Trần Gia Huy STT 11 Nội dung thực hiện: Tiếp tục cải thiện, sửa lỗi, xây dựng và hoàn thiện ứng dụng Thời gian: 2 tháng Thời gian thực hiện: Từ ngày 11/01/2026 đến ngày 11/03/2026 Người thực hiện: Vũ Văn Phú, Trần Gia Huy STT 12 Nội dung thực hiện: Triển khai phần mềm Thời gian: 2 tháng Thời gian thực hiện: Từ ngày 13/03/2026 đến ngày 13/05/2026 Người thực hiện: Vũ Văn Phú, Trần Gia Huy | Q56: =IFERROR(__xludf.DUMMYFUNCTION("""COMPUTED_VALUE"""),"TNDHLTK22_202610515") -> TNDHLTK22_202610515
A57: =IFERROR(__xludf.DUMMYFUNCTION("""COMPUTED_VALUE"""),46017.375199664355) -> 46017.375 | B57: =IFERROR(__xludf.DUMMYFUNCTION("""COMPUTED_VALUE"""),"screendier21@gmail.com") -> screendier21@gmail.com | C57: =IFERROR(__xludf.DUMMYFUNCTION("""COMPUTED_VALUE"""),1.2200121E8) -> 122001210 | D57: =IFERROR(__xludf.DUMMYFUNCTION("""COMPUTED_VALUE"""),"Lê Quốc Bảo") -> Lê Quốc Bảo | E57: =IFERROR(__xludf.DUMMYFUNCTION("""COMPUTED_VALUE"""),"0866856490") -> 0866856490 | F57: =IFERROR(__xludf.DUMMYFUNCTION("""COMPUTED_VALUE"""),"22CT112") -> 22CT112 | G57: =IFERROR(__xludf.DUMMYFUNCTION("""COMPUTED_VALUE"""),"Thực hiện đồ án tốt nghiệp") -> Thực hiện đồ án tốt nghiệp | H57: =IFERROR(__xludf.DUMMYFUNCTION("""COMPUTED_VALUE"""),"Nguyễn Minh Phúc") -> Nguyễn Minh Phúc | J57: =IFERROR(__xludf.DUMMYFUNCTION("""COMPUTED_VALUE"""),"Xây dựng module phân loại trình độ sinh viên dựa trên điểm số và hành vi học tập") -> Xây dựng module phân loại trình độ sinh viên dựa trên điểm số và hành vi học tập | K57: =IFERROR(__xludf.DUMMYFUNCTION("""COMPUTED_VALUE"""),"Mục tiêu cốt lõi của đề tài là xây dựng hệ thống phân loại sinh viên tự động và khách quan nhằm hỗ trợ giáo viên trong công tác đánh giá, thay thế cho phương pháp thủ công tốn kém thời gian. Hệ thống ứng dụng thuật toán Machine Learning (kết hợp K-means v"&"à KNN) để phân loại sinh viên thành 4 mức độ từ Xuất sắc đến Yếu dựa trên các tiêu chí đa dạng như điểm số, tỷ lệ tham gia và hành vi học tập. Ngoài ra, dự án còn tập trung phát triển khả năng phát hiện gian lận qua các dấu hiệu bất thường, đánh giá chi t"&"iết 16 kỹ năng lập trình và cung cấp giao diện web cùng REST API để tích hợp hệ thống") -> Mục tiêu cốt lõi của đề tài là xây dựng hệ thống phân loại sinh viên tự động và khách quan nhằm hỗ trợ giáo viên trong công tác đánh giá, thay thế cho phương pháp thủ công tốn kém thời gian. Hệ thống ứng dụng thuật toán Machine Learning (kết hợp K-means và KNN) để phân loại sinh viên thành 4 mức độ từ Xuất sắc đến Yếu dựa trên các tiêu chí đa dạng như điểm số, tỷ lệ tham gia và hành vi học tập. Ngoài ra, dự án còn tập trung phát triển khả năng phát hiện gian lận qua các dấu hiệu bất thường, đánh giá chi tiết 16 kỹ năng lập trình và cung cấp giao diện web cùng REST API để tích hợp hệ thống | L57: =IFERROR(__xludf.DUMMYFUNCTION("""COMPUTED_VALUE"""),"Nội dung thực hiện tuân theo quy trình phát triển phần mềm toàn diện, sử dụng ngôn ngữ Python, framework Flask và thư viện Scikit-learn để xây dựng ứng dụng web và xử lý thuật toán. Nhóm tác giả tập trung phát triển thuật toán phân loại thông qua việc chu"&"ẩn hóa dữ liệu, sử dụng K-means để phân cụm và KNN để tinh chỉnh kết quả nhằm đạt độ chính xác tối ưu. Hệ thống tích hợp các chức năng quan trọng như đánh giá 16 kỹ năng lập trình qua 4 môn học, tự động phát hiện sinh viên nghi gian lận dựa trên thời gian"&" làm bài, và xây dựng cơ sở dữ liệu cùng REST API để quản lý và đồng bộ thông tin hiệu quả.") -> Nội dung thực hiện tuân theo quy trình phát triển phần mềm toàn diện, sử dụng ngôn ngữ Python, framework Flask và thư viện Scikit-learn để xây dựng ứng dụng web và xử lý thuật toán. Nhóm tác giả tập trung phát triển thuật toán phân loại thông qua việc chuẩn hóa dữ liệu, sử dụng K-means để phân cụm và KNN để tinh chỉnh kết quả nhằm đạt độ chính xác tối ưu. Hệ thống tích hợp các chức năng quan trọng như đánh giá 16 kỹ năng lập trình qua 4 môn học, tự động phát hiện sinh viên nghi gian lận dựa trên thời gian làm bài, và xây dựng cơ sở dữ liệu cùng REST API để quản lý và đồng bộ thông tin hiệu quả. | Q57: =IFERROR(__xludf.DUMMYFUNCTION("""COMPUTED_VALUE"""),"TNDHLTK22_202610515") -> TNDHLTK22_202610515
A58: =IFERROR(__xludf.DUMMYFUNCTION("""COMPUTED_VALUE"""),46017.376889837964) -> 46017.377 | B58: =IFERROR(__xludf.DUMMYFUNCTION("""COMPUTED_VALUE"""),"long.thanhphan04@gmail.com") -> long.thanhphan04@gmail.com | C58: =IFERROR(__xludf.DUMMYFUNCTION("""COMPUTED_VALUE"""),1.22001446E8) -> 122001446 | D58: =IFERROR(__xludf.DUMMYFUNCTION("""COMPUTED_VALUE"""),"Phan Thành Long") -> Phan Thành Long | E58: =IFERROR(__xludf.DUMMYFUNCTION("""COMPUTED_VALUE"""),"0389579076") -> 0389579076 | F58: =IFERROR(__xludf.DUMMYFUNCTION("""COMPUTED_VALUE"""),"22CT115") -> 22CT115 | G58: =IFERROR(__xludf.DUMMYFUNCTION("""COMPUTED_VALUE"""),"Đặc cách tốt nghiệp") -> Đặc cách tốt nghiệp | H58: =IFERROR(__xludf.DUMMYFUNCTION("""COMPUTED_VALUE"""),"Đặc cách tốt nghiệp") -> Đặc cách tốt nghiệp | O58: =IFERROR(__xludf.DUMMYFUNCTION("""COMPUTED_VALUE"""),8.0) -> 8 | P58: =IFERROR(__xludf.DUMMYFUNCTION("""COMPUTED_VALUE"""),"https://drive.google.com/open?id=1MdOLX6HmZnSR8ggvv2-oddz-h5xYhq5z") -> https://drive.google.com/open?id=1MdOLX6HmZnSR8ggvv2-oddz-h5xYhq5z | Q58: =IFERROR(__xludf.DUMMYFUNCTION("""COMPUTED_VALUE"""),"TNDHLTK22_202610515") -> TNDHLTK22_202610515
A59: =IFERROR(__xludf.DUMMYFUNCTION("""COMPUTED_VALUE"""),46017.37805944444) -> 46017.378 | B59: =IFERROR(__xludf.DUMMYFUNCTION("""COMPUTED_VALUE"""),"luongvanthanh16052004@gmail.com") -> luongvanthanh16052004@gmail.com | C59: =IFERROR(__xludf.DUMMYFUNCTION("""COMPUTED_VALUE"""),1.22000441E8) -> 122000441 | D59: =IFERROR(__xludf.DUMMYFUNCTION("""COMPUTED_VALUE"""),"Lương Văn Thanh") -> Lương Văn Thanh | E59: =IFERROR(__xludf.DUMMYFUNCTION("""COMPUTED_VALUE"""),"0373545572") -> 0373545572 | F59: =IFERROR(__xludf.DUMMYFUNCTION("""COMPUTED_VALUE"""),"22CT114") -> 22CT114 | G59: =IFERROR(__xludf.DUMMYFUNCTION("""COMPUTED_VALUE"""),"Thực hiện đồ án tốt nghiệp") -> Thực hiện đồ án tốt nghiệp | H59: =IFERROR(__xludf.DUMMYFUNCTION("""COMPUTED_VALUE"""),"Hoàng Sỹ Hùng") -> Hoàng Sỹ Hùng | I59: =IFERROR(__xludf.DUMMYFUNCTION("""COMPUTED_VALUE"""),"Hoàng Sỹ Hùng") -> Hoàng Sỹ Hùng | J59: =IFERROR(__xludf.DUMMYFUNCTION("""COMPUTED_VALUE"""),"EventAI – Nền tảng quản lý sự kiện ứng dụng trí tuệ nhân tạo") -> EventAI – Nền tảng quản lý sự kiện ứng dụng trí tuệ nhân tạo | K59: =IFERROR(__xludf.DUMMYFUNCTION("""COMPUTED_VALUE"""),"Đề tài hướng đến việc xây dựng một ứng dụng quản lý sự kiện có tích hợp trí tuệ nhân tạo, nhằm hỗ trợ việc tổ chức các hoạt động và đặc biệt là phân tích tự động các ý kiến đánh giá từ người tham dự. Ứng dụng AI vào xử lý phản hồi: Sử dụng các thuật toán "&"phân tích ngôn ngữ để hiểu được người tham gia cảm thấy hài lòng hay chưa hài lòng về sự kiện. Nhóm các ý kiến liên quan theo từng khía cạnh như chương trình, địa điểm, diễn giả để dễ đánh giá. Tạo ra các báo cáo tổng hợp kèm biểu đồ giúp ban tổ chức nắm "&"bắt nhanh chất lượng sự kiện. Thiết kế một quy trình bán vé trực tuyến hiệu quả: Xây dựng mô hình quản lý bán vé đa kênh online để tối đa hóa doanh thu và đơn giản hóa quy trình đăng ký cho người tham dự. Đảm bảo tính bảo mật và chính xác: Phát triển các "&"cơ chế mã hóa và xác thực để đảm bảo tính bảo mật của thông tin giao dịch và ngăn chặn vé giả. Tối ưu hóa tốc độ Check-in/Check-out: Nghiên cứu và áp dụng các công nghệ nhận diện (ví dụ: QR Code, NFC) để giảm thời gian chờ đợi trung bình, đảm bảo quy trìn"&"h diễn ra nhanh chóng giảm thời gian check-in trung bình xuống. Đề tài giúp giải quyết bài toán thực tế là việc xử lý hàng trăm phản hồi sau sự kiện thường tốn nhiều thời gian và dễ bỏ sót thông tin quan trọng. Bằng cách áp dụng AI, ban tổ chức có thể nha"&"nh chóng hiểu được điểm mạnh và điểm cần cải thiện, từ đó nâng cao chất lượng cho các lần tổ chức sau. ") -> Đề tài hướng đến việc xây dựng một ứng dụng quản lý sự kiện có tích hợp trí tuệ nhân tạo, nhằm hỗ trợ việc tổ chức các hoạt động và đặc biệt là phân tích tự động các ý kiến đánh giá từ người tham dự. Ứng dụng AI vào xử lý phản hồi: Sử dụng các thuật toán phân tích ngôn ngữ để hiểu được người tham gia cảm thấy hài lòng hay chưa hài lòng về sự kiện. Nhóm các ý kiến liên quan theo từng khía cạnh như chương trình, địa điểm, diễn giả để dễ đánh giá. Tạo ra các báo cáo tổng hợp kèm biểu đồ giúp ban tổ chức nắm bắt nhanh chất lượng sự kiện. Thiết kế một quy trình bán vé trực tuyến hiệu quả: Xây dựng mô hình quản lý bán vé đa kênh online để tối đa hóa doanh thu và đơn giản hóa quy trình đăng ký cho người tham dự. Đảm bảo tính bảo mật và chính xác: Phát triển các cơ chế mã hóa và xác thực để đảm bảo tính bảo mật của thông tin giao dịch và ngăn chặn vé giả. Tối ưu hóa tốc độ Check-in/Check-out: Nghiên cứu và áp dụng các công nghệ nhận diện (ví dụ: QR Code, NFC) để giảm thời gian chờ đợi trung bình, đảm bảo quy trình diễn ra nhanh chóng giảm thời gian check-in trung bình xuống. Đề tài giúp giải quyết bài toán thực tế là việc xử lý hàng trăm phản hồi sau sự kiện thường tốn nhiều thời gian và dễ bỏ sót thông tin quan trọng. Bằng cách áp dụng AI, ban tổ chức có thể nhanh chóng hiểu được điểm mạnh và điểm cần cải thiện, từ đó nâng cao chất lượng cho các lần tổ chức sau. | L59: =IFERROR(__xludf.DUMMYFUNCTION("""COMPUTED_VALUE"""),"Hoàn thiện Hệ thống quản lý EventAI có thể hoạt động ổn định trên môi trường thực tế. ") -> Hoàn thiện Hệ thống quản lý EventAI có thể hoạt động ổn định trên môi trường thực tế. | Q59: =IFERROR(__xludf.DUMMYFUNCTION("""COMPUTED_VALUE"""),"TNDHLTK22_202610515") -> TNDHLTK22_202610515
A60: =IFERROR(__xludf.DUMMYFUNCTION("""COMPUTED_VALUE"""),46017.38359653935) -> 46017.384 | B60: =IFERROR(__xludf.DUMMYFUNCTION("""COMPUTED_VALUE"""),"minhnguyen.eth@gmail.com") -> minhnguyen.eth@gmail.com | C60: =IFERROR(__xludf.DUMMYFUNCTION("""COMPUTED_VALUE"""),1.2200081E8) -> 122000810 | D60: =IFERROR(__xludf.DUMMYFUNCTION("""COMPUTED_VALUE"""),"Nguyễn Văn Minh") -> Nguyễn Văn Minh | E60: =IFERROR(__xludf.DUMMYFUNCTION("""COMPUTED_VALUE"""),"0378818596") -> 0378818596 | F60: =IFERROR(__xludf.DUMMYFUNCTION("""COMPUTED_VALUE"""),"22CT113") -> 22CT113 | G60: =IFERROR(__xludf.DUMMYFUNCTION("""COMPUTED_VALUE"""),"Thực hiện đồ án tốt nghiệp") -> Thực hiện đồ án tốt nghiệp | H60: =IFERROR(__xludf.DUMMYFUNCTION("""COMPUTED_VALUE"""),"Hoàng Sỹ Hùng ") -> Hoàng Sỹ Hùng | I60: =IFERROR(__xludf.DUMMYFUNCTION("""COMPUTED_VALUE"""),"Hoàng Sỹ Hùng ") -> Hoàng Sỹ Hùng | J60: =IFERROR(__xludf.DUMMYFUNCTION("""COMPUTED_VALUE"""),"Kiểm thử tự động ứng dụng Web sử dụng Playwright ") -> Kiểm thử tự động ứng dụng Web sử dụng Playwright | K60: =IFERROR(__xludf.DUMMYFUNCTION("""COMPUTED_VALUE"""),"Nghiên cứu tổng quan về kiểm thử phần mềm và kiểm thử tự động trong phát triển ứng dụng Web. Tìm hiểu và áp dụng công cụ Playwright để xây dựng hệ thống kiểm thử tự động End-to-End. Thiết kế và triển khai framework kiểm thử theo mô hình Page Object Mode"&"l (POM) nhằm nâng cao khả năng tái sử dụng và bảo trì mã nguồn. Thực hiện kiểm thử các chức năng, nghiệp vụ của hệ thống Web Đánh giá hiệu quả của kiểm thử tự động so với kiểm thử thủ công về thời gian, độ ổn định và khả năng phát hiện lỗi.") -> Nghiên cứu tổng quan về kiểm thử phần mềm và kiểm thử tự động trong phát triển ứng dụng Web. Tìm hiểu và áp dụng công cụ Playwright để xây dựng hệ thống kiểm thử tự động End-to-End. Thiết kế và triển khai framework kiểm thử theo mô hình Page Object Model (POM) nhằm nâng cao khả năng tái sử dụng và bảo trì mã nguồn. Thực hiện kiểm thử các chức năng, nghiệp vụ của hệ thống Web Đánh giá hiệu quả của kiểm thử tự động so với kiểm thử thủ công về thời gian, độ ổn định và khả năng phát hiện lỗi. | L60: =IFERROR(__xludf.DUMMYFUNCTION("""COMPUTED_VALUE"""),"1. Tổng quan về kiểm thử phần mềm - Khái niệm kiểm thử phần mềm. - Phân loại kiểm thử (Manual Testing, Automation Testing). - Vai trò của kiểm thử tự động trong quy trình phát triển phần mềm. 2. Giới thiệu công cụ Playwright - Tổng quan về Playwright"&". - So sánh Playwright với một số công cụ kiểm thử Web khác (Selenium rất phổ biến) - Các tính năng chính của Playwright. 3. Thiết kế framework kiểm thử tự động - Kiến trúc framework kiểm thử. - Áp dụng mô hình Page Object Model (POM). - Xây dựng cá"&"c lớp dùng chung (Base Page, Helper, Utils). 4. Triển khai kiểm thử tự động - Xây dựng các test case kiểm thử End-to-End cho hệ thống Web. - Thực hiện kiểm thử trên nhiều trình duyệt. - Tích hợp Allure Report để báo cáo kết quả kiểm thử 5. Đánh giá "&"và kết luận - Đánh giá kết quả đạt được. - Ưu điểm, hạn chế của giải pháp. ") -> 1. Tổng quan về kiểm thử phần mềm - Khái niệm kiểm thử phần mềm. - Phân loại kiểm thử (Manual Testing, Automation Testing). - Vai trò của kiểm thử tự động trong quy trình phát triển phần mềm. 2. Giới thiệu công cụ Playwright - Tổng quan về Playwright. - So sánh Playwright với một số công cụ kiểm thử Web khác (Selenium rất phổ biến) - Các tính năng chính của Playwright. 3. Thiết kế framework kiểm thử tự động - Kiến trúc framework kiểm thử. - Áp dụng mô hình Page Object Model (POM). - Xây dựng các lớp dùng chung (Base Page, Helper, Utils). 4. Triển khai kiểm thử tự động - Xây dựng các test case kiểm thử End-to-End cho hệ thống Web. - Thực hiện kiểm thử trên nhiều trình duyệt. - Tích hợp Allure Report để báo cáo kết quả kiểm thử 5. Đánh giá và kết luận - Đánh giá kết quả đạt được. - Ưu điểm, hạn chế của giải pháp. | Q60: =IFERROR(__xludf.DUMMYFUNCTION("""COMPUTED_VALUE"""),"TNDHLTK22_202610515") -> TNDHLTK22_202610515
A61: =IFERROR(__xludf.DUMMYFUNCTION("""COMPUTED_VALUE"""),46017.391948125005) -> 46017.392 | B61: =IFERROR(__xludf.DUMMYFUNCTION("""COMPUTED_VALUE"""),"duongdinhdang10@gmail.com") -> duongdinhdang10@gmail.com | C61: =IFERROR(__xludf.DUMMYFUNCTION("""COMPUTED_VALUE"""),1.22000273E8) -> 122000273 | D61: =IFERROR(__xludf.DUMMYFUNCTION("""COMPUTED_VALUE"""),"Dương Đình Đăng") -> Dương Đình Đăng | E61: =IFERROR(__xludf.DUMMYFUNCTION("""COMPUTED_VALUE"""),"0917693916") -> 0917693916 | F61: =IFERROR(__xludf.DUMMYFUNCTION("""COMPUTED_VALUE"""),"22CT112") -> 22CT112 | G61: =IFERROR(__xludf.DUMMYFUNCTION("""COMPUTED_VALUE"""),"Thực hiện đồ án tốt nghiệp") -> Thực hiện đồ án tốt nghiệp | H61: =IFERROR(__xludf.DUMMYFUNCTION("""COMPUTED_VALUE"""),"Nguyễn Minh Phúc") -> Nguyễn Minh Phúc | J61: =IFERROR(__xludf.DUMMYFUNCTION("""COMPUTED_VALUE"""),"Xây dựng module phân loại và chia nhóm học tập cho sinh viên theo nhiều tiêu chí") -> Xây dựng module phân loại và chia nhóm học tập cho sinh viên theo nhiều tiêu chí | K61: =IFERROR(__xludf.DUMMYFUNCTION("""COMPUTED_VALUE"""),"xây dưng một module hoàn chỉnh") -> xây dưng một module hoàn chỉnh | L61: =IFERROR(__xludf.DUMMYFUNCTION("""COMPUTED_VALUE"""),"Bắt đầu xây dựng app") -> Bắt đầu xây dựng app | Q61: =IFERROR(__xludf.DUMMYFUNCTION("""COMPUTED_VALUE"""),"TNDHLTK22_202610515") -> TNDHLTK22_202610515
A62: =IFERROR(__xludf.DUMMYFUNCTION("""COMPUTED_VALUE"""),46017.39285041667) -> 46017.393 | B62: =IFERROR(__xludf.DUMMYFUNCTION("""COMPUTED_VALUE"""),"nguyentam050404@gmail.com") -> nguyentam050404@gmail.com | C62: =IFERROR(__xludf.DUMMYFUNCTION("""COMPUTED_VALUE"""),1.22000118E8) -> 122000118 | D62: =IFERROR(__xludf.DUMMYFUNCTION("""COMPUTED_VALUE"""),"Nguyễn Khánh Tâm") -> Nguyễn Khánh Tâm | E62: =IFERROR(__xludf.DUMMYFUNCTION("""COMPUTED_VALUE"""),"0963296424") -> 0963296424 | F62: =IFERROR(__xludf.DUMMYFUNCTION("""COMPUTED_VALUE"""),"22CT112") -> 22CT112 | G62: =IFERROR(__xludf.DUMMYFUNCTION("""COMPUTED_VALUE"""),"Thực hiện đồ án tốt nghiệp") -> Thực hiện đồ án tốt nghiệp | H62: =IFERROR(__xludf.DUMMYFUNCTION("""COMPUTED_VALUE"""),"Nguyễn Minh Phúc") -> Nguyễn Minh Phúc | J62: =IFERROR(__xludf.DUMMYFUNCTION("""COMPUTED_VALUE"""),"Xây dựng module phân loại và chia nhóm học tập cho sinh viên theo nhiều tiêu chí") -> Xây dựng module phân loại và chia nhóm học tập cho sinh viên theo nhiều tiêu chí | K62: =IFERROR(__xludf.DUMMYFUNCTION("""COMPUTED_VALUE"""),"Xây dựng thành công công cụ phân loại và chia nhóm có thể tích hợp vào LMS") -> Xây dựng thành công công cụ phân loại và chia nhóm có thể tích hợp vào LMS | L62: =IFERROR(__xludf.DUMMYFUNCTION("""COMPUTED_VALUE"""),"Xây dựng công cụ phân loại và chia nhóm cho sinh viên có thể tích hợp được vào LMS") -> Xây dựng công cụ phân loại và chia nhóm cho sinh viên có thể tích hợp được vào LMS | Q62: =IFERROR(__xludf.DUMMYFUNCTION("""COMPUTED_VALUE"""),"TNDHLTK22_202610515") -> TNDHLTK22_202610515
A63: =IFERROR(__xludf.DUMMYFUNCTION("""COMPUTED_VALUE"""),46017.4509428125) -> 46017.451 | B63: =IFERROR(__xludf.DUMMYFUNCTION("""COMPUTED_VALUE"""),"nhan886990@gmail.com") -> nhan886990@gmail.com | C63: =IFERROR(__xludf.DUMMYFUNCTION("""COMPUTED_VALUE"""),1.22000564E8) -> 122000564 | D63: =IFERROR(__xludf.DUMMYFUNCTION("""COMPUTED_VALUE"""),"Nguyễn Thành Nhân") -> Nguyễn Thành Nhân | E63: =IFERROR(__xludf.DUMMYFUNCTION("""COMPUTED_VALUE"""),"0933669137") -> 0933669137 | F63: =IFERROR(__xludf.DUMMYFUNCTION("""COMPUTED_VALUE"""),"22CT113") -> 22CT113 | G63: =IFERROR(__xludf.DUMMYFUNCTION("""COMPUTED_VALUE"""),"Thực hiện đồ án tốt nghiệp") -> Thực hiện đồ án tốt nghiệp | H63: =IFERROR(__xludf.DUMMYFUNCTION("""COMPUTED_VALUE"""),"Đoàn Thiện Minh") -> Đoàn Thiện Minh | J63: =IFERROR(__xludf.DUMMYFUNCTION("""COMPUTED_VALUE"""),"Ứng dụng phát hiện bệnh lúa qua ảnh") -> Ứng dụng phát hiện bệnh lúa qua ảnh | K63: =IFERROR(__xludf.DUMMYFUNCTION("""COMPUTED_VALUE"""),"Hoàn Thành App dùng trơn tru") -> Hoàn Thành App dùng trơn tru | L63: =IFERROR(__xludf.DUMMYFUNCTION("""COMPUTED_VALUE"""),"Phát triển thêm ") -> Phát triển thêm | Q63: =IFERROR(__xludf.DUMMYFUNCTION("""COMPUTED_VALUE"""),"TNDHLTK22_202610515") -> TNDHLTK22_202610515
A64: =IFERROR(__xludf.DUMMYFUNCTION("""COMPUTED_VALUE"""),46017.48009424769) -> 46017.48 | B64: =IFERROR(__xludf.DUMMYFUNCTION("""COMPUTED_VALUE"""),"minhquan9999923@gmail.com") -> minhquan9999923@gmail.com | C64: =IFERROR(__xludf.DUMMYFUNCTION("""COMPUTED_VALUE"""),1.22000295E8) -> 122000295 | D64: =IFERROR(__xludf.DUMMYFUNCTION("""COMPUTED_VALUE"""),"Đặng Hoàng Minh Quân") -> Đặng Hoàng Minh Quân | E64: =IFERROR(__xludf.DUMMYFUNCTION("""COMPUTED_VALUE"""),"0976026004") -> 0976026004 | F64: =IFERROR(__xludf.DUMMYFUNCTION("""COMPUTED_VALUE"""),"22CT113") -> 22CT113 | G64: =IFERROR(__xludf.DUMMYFUNCTION("""COMPUTED_VALUE"""),"Đặc cách tốt nghiệp") -> Đặc cách tốt nghiệp | H64: =IFERROR(__xludf.DUMMYFUNCTION("""COMPUTED_VALUE"""),"Đặc cách tốt nghiệp") -> Đặc cách tốt nghiệp | N64: =IFERROR(__xludf.DUMMYFUNCTION("""COMPUTED_VALUE"""),"Đạt giải 3 toàn quốc cuộc thi sáng tạo Robocon Việt Nam 2025") -> Đạt giải 3 toàn quốc cuộc thi sáng tạo Robocon Việt Nam 2025 | O64: =IFERROR(__xludf.DUMMYFUNCTION("""COMPUTED_VALUE"""),10.0) -> 10 | P64: =IFERROR(__xludf.DUMMYFUNCTION("""COMPUTED_VALUE"""),"https://drive.google.com/open?id=1yYDqFL6UemLFt0hLakEgTTlneWtOY75I") -> https://drive.google.com/open?id=1yYDqFL6UemLFt0hLakEgTTlneWtOY75I | Q64: =IFERROR(__xludf.DUMMYFUNCTION("""COMPUTED_VALUE"""),"TNDHLTK22_202610515") -> TNDHLTK22_202610515
A65: =IFERROR(__xludf.DUMMYFUNCTION("""COMPUTED_VALUE"""),46017.50095336806) -> 46017.501 | B65: =IFERROR(__xludf.DUMMYFUNCTION("""COMPUTED_VALUE"""),"hp8888377@gmail.com") -> hp8888377@gmail.com | C65: =IFERROR(__xludf.DUMMYFUNCTION("""COMPUTED_VALUE"""),1.22000405E8) -> 122000405 | D65: =IFERROR(__xludf.DUMMYFUNCTION("""COMPUTED_VALUE"""),"Phan Trần Trung Hiếu") -> Phan Trần Trung Hiếu | E65: =IFERROR(__xludf.DUMMYFUNCTION("""COMPUTED_VALUE"""),"0798032210") -> 0798032210 | F65: =IFERROR(__xludf.DUMMYFUNCTION("""COMPUTED_VALUE"""),"22ct113") -> 22ct113 | G65: =IFERROR(__xludf.DUMMYFUNCTION("""COMPUTED_VALUE"""),"Thực hiện đồ án tốt nghiệp") -> Thực hiện đồ án tốt nghiệp | H65: =IFERROR(__xludf.DUMMYFUNCTION("""COMPUTED_VALUE"""),"Đoàn Thiện Minh") -> Đoàn Thiện Minh | J65: =IFERROR(__xludf.DUMMYFUNCTION("""COMPUTED_VALUE"""),"Ứng dụng phát hiện bệnh lúa qua ảnh") -> Ứng dụng phát hiện bệnh lúa qua ảnh | K65: =IFERROR(__xludf.DUMMYFUNCTION("""COMPUTED_VALUE"""),"phát hiện bệnh lá lúa") -> phát hiện bệnh lá lúa | L65: =IFERROR(__xludf.DUMMYFUNCTION("""COMPUTED_VALUE"""),"làm app") -> làm app | Q65: =IFERROR(__xludf.DUMMYFUNCTION("""COMPUTED_VALUE"""),"TNDHLTK22_202610515") -> TNDHLTK22_202610515
A66: =IFERROR(__xludf.DUMMYFUNCTION("""COMPUTED_VALUE"""),46017.55425616898) -> 46017.554 | B66: =IFERROR(__xludf.DUMMYFUNCTION("""COMPUTED_VALUE"""),"tuanpham15042003@gmail.com") -> tuanpham15042003@gmail.com | C66: =IFERROR(__xludf.DUMMYFUNCTION("""COMPUTED_VALUE"""),1.22000391E8) -> 122000391 | D66: =IFERROR(__xludf.DUMMYFUNCTION("""COMPUTED_VALUE"""),"Phạm Minh Tuấn") -> Phạm Minh Tuấn | E66: =IFERROR(__xludf.DUMMYFUNCTION("""COMPUTED_VALUE"""),"0988026131") -> 0988026131 | F66: =IFERROR(__xludf.DUMMYFUNCTION("""COMPUTED_VALUE"""),"22CT114") -> 22CT114 | G66: =IFERROR(__xludf.DUMMYFUNCTION("""COMPUTED_VALUE"""),"Thực hiện đồ án tốt nghiệp") -> Thực hiện đồ án tốt nghiệp | H66: =IFERROR(__xludf.DUMMYFUNCTION("""COMPUTED_VALUE"""),"Bùi Xuân Cảnh") -> Bùi Xuân Cảnh | J66: =IFERROR(__xludf.DUMMYFUNCTION("""COMPUTED_VALUE"""),"Website bán máy Laptop,PC,điện thoại.") -> Website bán máy Laptop,PC,điện thoại. | K66: =IFERROR(__xludf.DUMMYFUNCTION("""COMPUTED_VALUE"""),"Làm trang web hướng tới chăm sóc khách hàng , có thể biết khách hàng cần gì thông qua lịch sử tìm kiếm của khách hàng để tích hợp AI gợi ý sản phẩm cho khách hàng ngay mà khách hàng không phải tự tìm kiếm .") -> Làm trang web hướng tới chăm sóc khách hàng , có thể biết khách hàng cần gì thông qua lịch sử tìm kiếm của khách hàng để tích hợp AI gợi ý sản phẩm cho khách hàng ngay mà khách hàng không phải tự tìm kiếm . | L66: =IFERROR(__xludf.DUMMYFUNCTION("""COMPUTED_VALUE"""),"Hoàn thiện hơn Website sẵn có và đưa gần tới mọi người dùng có như cầu mua Laptop,PC,điện thoại.") -> Hoàn thiện hơn Website sẵn có và đưa gần tới mọi người dùng có như cầu mua Laptop,PC,điện thoại. | Q66: =IFERROR(__xludf.DUMMYFUNCTION("""COMPUTED_VALUE"""),"TNDHLTK22_202610515") -> TNDHLTK22_202610515
A67: =IFERROR(__xludf.DUMMYFUNCTION("""COMPUTED_VALUE"""),46017.604302824075) -> 46017.604 | B67: =IFERROR(__xludf.DUMMYFUNCTION("""COMPUTED_VALUE"""),"hungvan2004adc@gmail.com") -> hungvan2004adc@gmail.com | C67: =IFERROR(__xludf.DUMMYFUNCTION("""COMPUTED_VALUE"""),1.22000404E8) -> 122000404 | D67: =IFERROR(__xludf.DUMMYFUNCTION("""COMPUTED_VALUE"""),"Trần Văn Hưng") -> Trần Văn Hưng | E67: =IFERROR(__xludf.DUMMYFUNCTION("""COMPUTED_VALUE"""),"0848180018") -> 0848180018 | F67: =IFERROR(__xludf.DUMMYFUNCTION("""COMPUTED_VALUE"""),"22CT111") -> 22CT111 | G67: =IFERROR(__xludf.DUMMYFUNCTION("""COMPUTED_VALUE"""),"Thực hiện đồ án tốt nghiệp") -> Thực hiện đồ án tốt nghiệp | H67: =IFERROR(__xludf.DUMMYFUNCTION("""COMPUTED_VALUE"""),"Nguyễn Minh Phúc") -> Nguyễn Minh Phúc | J67: =IFERROR(__xludf.DUMMYFUNCTION("""COMPUTED_VALUE"""),"XÂY DỰNG HỆ THỐNG CHẤM ĐIỂM PYTHON TỰ ĐỘNG TRÊN LMS - CẤU TRÚC DỮ LIỆU VÀ GIẢI THUẬT") -> XÂY DỰNG HỆ THỐNG CHẤM ĐIỂM PYTHON TỰ ĐỘNG TRÊN LMS - CẤU TRÚC DỮ LIỆU VÀ GIẢI THUẬT | K67: =IFERROR(__xludf.DUMMYFUNCTION("""COMPUTED_VALUE"""),"Xây dựng hệ thống web có khả năng chấm điểm tự động cho các bài tập Python về CTDL & GT. ") -> Xây dựng hệ thống web có khả năng chấm điểm tự động cho các bài tập Python về CTDL & GT. | L67: =IFERROR(__xludf.DUMMYFUNCTION("""COMPUTED_VALUE"""),"Đồ án xây dựng hệ thống chấm điểm Python tự động - Cấu trúc dữ liệu và giải thuật sử dụng các công nghệ hiện đại như Next.js, Firebase Genkit và Google Gemini. Hệ thống có khả năng đánh giá đa chiều bao gồm độ chính xác, lỗi logic, độ phức tạp Big O và đư"&"a ra gợi ý cải thiện mã nguồn dựa trên kỹ thuật Prompt Engineering.") -> Đồ án xây dựng hệ thống chấm điểm Python tự động - Cấu trúc dữ liệu và giải thuật sử dụng các công nghệ hiện đại như Next.js, Firebase Genkit và Google Gemini. Hệ thống có khả năng đánh giá đa chiều bao gồm độ chính xác, lỗi logic, độ phức tạp Big O và đưa ra gợi ý cải thiện mã nguồn dựa trên kỹ thuật Prompt Engineering. | M67: =IFERROR(__xludf.DUMMYFUNCTION("""COMPUTED_VALUE"""),"Mong muốn được viết báo dựa trên đề tài này") -> Mong muốn được viết báo dựa trên đề tài này | Q67: =IFERROR(__xludf.DUMMYFUNCTION("""COMPUTED_VALUE"""),"TNDHLTK22_202610515") -> TNDHLTK22_202610515
A68: =IFERROR(__xludf.DUMMYFUNCTION("""COMPUTED_VALUE"""),46017.60694783565) -> 46017.607 | B68: =IFERROR(__xludf.DUMMYFUNCTION("""COMPUTED_VALUE"""),"sanghuynh406@gmail.com") -> sanghuynh406@gmail.com | C68: =IFERROR(__xludf.DUMMYFUNCTION("""COMPUTED_VALUE"""),1.22000343E8) -> 122000343 | D68: =IFERROR(__xludf.DUMMYFUNCTION("""COMPUTED_VALUE"""),"Huỳnh Minh Sang") -> Huỳnh Minh Sang | E68: =IFERROR(__xludf.DUMMYFUNCTION("""COMPUTED_VALUE"""),"0961810760") -> 0961810760 | F68: =IFERROR(__xludf.DUMMYFUNCTION("""COMPUTED_VALUE"""),"22CT111") -> 22CT111 | G68: =IFERROR(__xludf.DUMMYFUNCTION("""COMPUTED_VALUE"""),"Thực hiện đồ án tốt nghiệp") -> Thực hiện đồ án tốt nghiệp | H68: =IFERROR(__xludf.DUMMYFUNCTION("""COMPUTED_VALUE"""),"Nguyễn Minh Phúc") -> Nguyễn Minh Phúc | J68: =IFERROR(__xludf.DUMMYFUNCTION("""COMPUTED_VALUE"""),"XÂY DỰNG HỆ THỐNG CHẤM ĐIỂM PYTHON TỰ ĐỘNG TRÊN LMS - CẤU TRÚC DỮ LIỆU VÀ GIẢI THUẬT") -> XÂY DỰNG HỆ THỐNG CHẤM ĐIỂM PYTHON TỰ ĐỘNG TRÊN LMS - CẤU TRÚC DỮ LIỆU VÀ GIẢI THUẬT | K68: =IFERROR(__xludf.DUMMYFUNCTION("""COMPUTED_VALUE"""),"Xây dựng hệ thống web có khả năng chấm điểm tự động cho các bài tập Python về CTDL & GT. ") -> Xây dựng hệ thống web có khả năng chấm điểm tự động cho các bài tập Python về CTDL & GT. | L68: =IFERROR(__xludf.DUMMYFUNCTION("""COMPUTED_VALUE"""),"Đồ án xây dựng hệ thống chấm điểm Python tự động - Cấu trúc dữ liệu và giải thuật sử dụng các công nghệ hiện đại như Next.js, Firebase Genkit và Google Gemini. Hệ thống có khả năng đánh giá đa chiều bao gồm độ chính xác, lỗi logic, độ phức tạp Big O và đư"&"a ra gợi ý cải thiện mã nguồn dựa trên kỹ thuật Prompt Engineering. ") -> Đồ án xây dựng hệ thống chấm điểm Python tự động - Cấu trúc dữ liệu và giải thuật sử dụng các công nghệ hiện đại như Next.js, Firebase Genkit và Google Gemini. Hệ thống có khả năng đánh giá đa chiều bao gồm độ chính xác, lỗi logic, độ phức tạp Big O và đưa ra gợi ý cải thiện mã nguồn dựa trên kỹ thuật Prompt Engineering. | M68: =IFERROR(__xludf.DUMMYFUNCTION("""COMPUTED_VALUE"""),"Em mong muốn được viết báo dựa trên đề tài này ") -> Em mong muốn được viết báo dựa trên đề tài này | Q68: =IFERROR(__xludf.DUMMYFUNCTION("""COMPUTED_VALUE"""),"TNDHLTK22_202610515") -> TNDHLTK22_202610515
A69: =IFERROR(__xludf.DUMMYFUNCTION("""COMPUTED_VALUE"""),46017.65112059028) -> 46017.651 | B69: =IFERROR(__xludf.DUMMYFUNCTION("""COMPUTED_VALUE"""),"trantthuan1511@gmail.com") -> trantthuan1511@gmail.com | C69: =IFERROR(__xludf.DUMMYFUNCTION("""COMPUTED_VALUE"""),1.2200086E8) -> 122000860 | D69: =IFERROR(__xludf.DUMMYFUNCTION("""COMPUTED_VALUE"""),"Trần Trọng Thuận") -> Trần Trọng Thuận | E69: =IFERROR(__xludf.DUMMYFUNCTION("""COMPUTED_VALUE"""),"0941619163") -> 0941619163 | F69: =IFERROR(__xludf.DUMMYFUNCTION("""COMPUTED_VALUE"""),"22CT113") -> 22CT113 | G69: =IFERROR(__xludf.DUMMYFUNCTION("""COMPUTED_VALUE"""),"Thực hiện đồ án tốt nghiệp") -> Thực hiện đồ án tốt nghiệp | H69: =IFERROR(__xludf.DUMMYFUNCTION("""COMPUTED_VALUE"""),"Nguyễn Minh Sơn") -> Nguyễn Minh Sơn | J69: =IFERROR(__xludf.DUMMYFUNCTION("""COMPUTED_VALUE"""),"ỨNG DỤNG WEB TỰ ĐỘNG TẠO CÂU HỎI TRẮC NGHIỆM TỪ TÀI LIỆU ") -> ỨNG DỤNG WEB TỰ ĐỘNG TẠO CÂU HỎI TRẮC NGHIỆM TỪ TÀI LIỆU | K69: =IFERROR(__xludf.DUMMYFUNCTION("""COMPUTED_VALUE"""),"Tự động hóa quy trình: Xây dựng Agent AI có khả năng đọc hiểu đa định dạng (PDF, DOCX, MP3) để trích xuất kiến thức và sinh câu hỏi trắc nghiệm. Nâng cao chất lượng đề thi: Tích hợp cơ chế ""AI Reviewer"" để tự động chấm điểm câu hỏi dựa trên các tiêu chí"&": Độ chính xác, Văn phong, và Chất lượng đáp án nhiễu. Quản lý toàn diện: Cung cấp công cụ quản lý thư viện câu hỏi, tạo đề thi tổ hợp, chia sẻ link làm bài trực tuyến, thống kê kết quả chi tiết cho người học và tích hợp LMS.") -> Tự động hóa quy trình: Xây dựng Agent AI có khả năng đọc hiểu đa định dạng (PDF, DOCX, MP3) để trích xuất kiến thức và sinh câu hỏi trắc nghiệm. Nâng cao chất lượng đề thi: Tích hợp cơ chế "AI Reviewer" để tự động chấm điểm câu hỏi dựa trên các tiêu chí: Độ chính xác, Văn phong, và Chất lượng đáp án nhiễu. Quản lý toàn diện: Cung cấp công cụ quản lý thư viện câu hỏi, tạo đề thi tổ hợp, chia sẻ link làm bài trực tuyến, thống kê kết quả chi tiết cho người học và tích hợp LMS. | L69: =IFERROR(__xludf.DUMMYFUNCTION("""COMPUTED_VALUE"""),"Hoàn thiện Core AI & RAG Nâng cấp chuẩn LTI 1.3 & Deep Linking Tối ưu hóa hiệu năng hệ thống") -> Hoàn thiện Core AI & RAG Nâng cấp chuẩn LTI 1.3 & Deep Linking Tối ưu hóa hiệu năng hệ thống | Q69: =IFERROR(__xludf.DUMMYFUNCTION("""COMPUTED_VALUE"""),"TNDHLTK22_202610515") -> TNDHLTK22_202610515
A70: =IFERROR(__xludf.DUMMYFUNCTION("""COMPUTED_VALUE"""),46017.65147855324) -> 46017.651 | B70: =IFERROR(__xludf.DUMMYFUNCTION("""COMPUTED_VALUE"""),"bns050404@gmail.com") -> bns050404@gmail.com | C70: =IFERROR(__xludf.DUMMYFUNCTION("""COMPUTED_VALUE"""),1.22001281E8) -> 122001281 | D70: =IFERROR(__xludf.DUMMYFUNCTION("""COMPUTED_VALUE"""),"Bùi Ngọc Sơn") -> Bùi Ngọc Sơn | E70: =IFERROR(__xludf.DUMMYFUNCTION("""COMPUTED_VALUE"""),"0398032901") -> 0398032901 | F70: =IFERROR(__xludf.DUMMYFUNCTION("""COMPUTED_VALUE"""),"22CT113") -> 22CT113 | G70: =IFERROR(__xludf.DUMMYFUNCTION("""COMPUTED_VALUE"""),"Thực hiện đồ án tốt nghiệp") -> Thực hiện đồ án tốt nghiệp | H70: =IFERROR(__xludf.DUMMYFUNCTION("""COMPUTED_VALUE"""),"Nguyễn Minh Sơn") -> Nguyễn Minh Sơn | J70: =IFERROR(__xludf.DUMMYFUNCTION("""COMPUTED_VALUE"""),"ỨNG DỤNG WEB TỰ ĐỘNG TẠO CÂU HỎI TRẮC NGHIỆM TỪ TÀI LIỆU ") -> ỨNG DỤNG WEB TỰ ĐỘNG TẠO CÂU HỎI TRẮC NGHIỆM TỪ TÀI LIỆU | K70: =IFERROR(__xludf.DUMMYFUNCTION("""COMPUTED_VALUE"""),"Tự động hóa quy trình: Xây dựng Agent AI có khả năng đọc hiểu đa định dạng (PDF, DOCX, MP3) để trích xuất kiến thức và sinh câu hỏi trắc nghiệm. Nâng cao chất lượng đề thi: Tích hợp cơ chế ""AI Reviewer"" để tự động chấm điểm câu hỏi dựa trên các tiêu chí"&": Độ chính xác, Văn phong, và Chất lượng đáp án nhiễu. Quản lý toàn diện: Cung cấp công cụ quản lý thư viện câu hỏi, tạo đề thi tổ hợp, chia sẻ link làm bài trực tuyến, thống kê kết quả chi tiết cho người học và tích hợp LMS.") -> Tự động hóa quy trình: Xây dựng Agent AI có khả năng đọc hiểu đa định dạng (PDF, DOCX, MP3) để trích xuất kiến thức và sinh câu hỏi trắc nghiệm. Nâng cao chất lượng đề thi: Tích hợp cơ chế "AI Reviewer" để tự động chấm điểm câu hỏi dựa trên các tiêu chí: Độ chính xác, Văn phong, và Chất lượng đáp án nhiễu. Quản lý toàn diện: Cung cấp công cụ quản lý thư viện câu hỏi, tạo đề thi tổ hợp, chia sẻ link làm bài trực tuyến, thống kê kết quả chi tiết cho người học và tích hợp LMS. | L70: =IFERROR(__xludf.DUMMYFUNCTION("""COMPUTED_VALUE"""),"Hoàn thiện Core AI & RAG Nâng cấp chuẩn LTI 1.3 & Deep Linking Tối ưu hóa hiệu năng hệ thống") -> Hoàn thiện Core AI & RAG Nâng cấp chuẩn LTI 1.3 & Deep Linking Tối ưu hóa hiệu năng hệ thống | Q70: =IFERROR(__xludf.DUMMYFUNCTION("""COMPUTED_VALUE"""),"TNDHLTK22_202610515") -> TNDHLTK22_202610515
A71: =IFERROR(__xludf.DUMMYFUNCTION("""COMPUTED_VALUE"""),46017.879527337966) -> 46017.88 | B71: =IFERROR(__xludf.DUMMYFUNCTION("""COMPUTED_VALUE"""),"12c8letuananh@gmail.com") -> 12c8letuananh@gmail.com | C71: =IFERROR(__xludf.DUMMYFUNCTION("""COMPUTED_VALUE"""),1.22000209E8) -> 122000209 | D71: =IFERROR(__xludf.DUMMYFUNCTION("""COMPUTED_VALUE"""),"Lê Tuấn Anh") -> Lê Tuấn Anh | E71: =IFERROR(__xludf.DUMMYFUNCTION("""COMPUTED_VALUE"""),"0388169322") -> 0388169322 | F71: =IFERROR(__xludf.DUMMYFUNCTION("""COMPUTED_VALUE"""),"22CT111") -> 22CT111 | G71: =IFERROR(__xludf.DUMMYFUNCTION("""COMPUTED_VALUE"""),"Thực hiện đồ án tốt nghiệp") -> Thực hiện đồ án tốt nghiệp | H71: =IFERROR(__xludf.DUMMYFUNCTION("""COMPUTED_VALUE"""),"Nguyễn Minh Phúc") -> Nguyễn Minh Phúc | J71: =IFERROR(__xludf.DUMMYFUNCTION("""COMPUTED_VALUE"""),"XÂY DỰNG MODULE HỆ THỐNG GỢI Ý LỖI VÀ FEEDBACK TỰ ĐỘNG TRONG BÀI CÁC MÔN LẬP TRÌNH") -> XÂY DỰNG MODULE HỆ THỐNG GỢI Ý LỖI VÀ FEEDBACK TỰ ĐỘNG TRONG BÀI CÁC MÔN LẬP TRÌNH | K71: =IFERROR(__xludf.DUMMYFUNCTION("""COMPUTED_VALUE"""),"Nghiên cứu và xây dựng module hệ thống gợi ý lỗi và phản hồi tự động trong các bài tập lập trình. - Phát hiện các lỗi phổ biến trong mã nguồn sinh viên (như quên return, sai điều kiện, lỗi cú pháp cơ bản, v.v.) thông qua phân tích mã bằng regex hoặc AST. "&"- Cung cấp gợi ý sửa lỗi và hướng dẫn tương tác, giúp sinh viên tự học và nâng cao kỹ năng lập trình mà không cần giám sát trực tiếp của giảng viên.") -> Nghiên cứu và xây dựng module hệ thống gợi ý lỗi và phản hồi tự động trong các bài tập lập trình. - Phát hiện các lỗi phổ biến trong mã nguồn sinh viên (như quên return, sai điều kiện, lỗi cú pháp cơ bản, v.v.) thông qua phân tích mã bằng regex hoặc AST. - Cung cấp gợi ý sửa lỗi và hướng dẫn tương tác, giúp sinh viên tự học và nâng cao kỹ năng lập trình mà không cần giám sát trực tiếp của giảng viên. | L71: =IFERROR(__xludf.DUMMYFUNCTION("""COMPUTED_VALUE"""),"1. Khảo sát và phân tích yêu cầu 2. Phân tích và thiết kế hệ thống 3. Xây dựng module gợi ý lỗi tự động 4. Xây dựng hệ thống feedback tự động 5. Phát triển giao diện và tích hợp hệ thống 6. Kiểm thử và đánh giá hệ thống 7.Hoàn thiện và báo cáo kết q"&"uả") -> 1. Khảo sát và phân tích yêu cầu 2. Phân tích và thiết kế hệ thống 3. Xây dựng module gợi ý lỗi tự động 4. Xây dựng hệ thống feedback tự động 5. Phát triển giao diện và tích hợp hệ thống 6. Kiểm thử và đánh giá hệ thống 7.Hoàn thiện và báo cáo kết quả | Q71: =IFERROR(__xludf.DUMMYFUNCTION("""COMPUTED_VALUE"""),"TNDHLTK22_202610515") -> TNDHLTK22_202610515
A72: =IFERROR(__xludf.DUMMYFUNCTION("""COMPUTED_VALUE"""),46018.42082866898) -> 46018.421 | B72: =IFERROR(__xludf.DUMMYFUNCTION("""COMPUTED_VALUE"""),"baohanbienle@gmail.com") -> baohanbienle@gmail.com | C72: =IFERROR(__xludf.DUMMYFUNCTION("""COMPUTED_VALUE"""),1.22000728E8) -> 122000728 | D72: =IFERROR(__xludf.DUMMYFUNCTION("""COMPUTED_VALUE"""),"Biện Lê Bảo Hân") -> Biện Lê Bảo Hân | E72: =IFERROR(__xludf.DUMMYFUNCTION("""COMPUTED_VALUE"""),"0918639626") -> 0918639626 | F72: =IFERROR(__xludf.DUMMYFUNCTION("""COMPUTED_VALUE"""),"22EC111") -> 22EC111 | G72: =IFERROR(__xludf.DUMMYFUNCTION("""COMPUTED_VALUE"""),"Thực hiện đồ án tốt nghiệp") -> Thực hiện đồ án tốt nghiệp | H72: =IFERROR(__xludf.DUMMYFUNCTION("""COMPUTED_VALUE"""),"Hồ Ngọc Hoàng Long") -> Hồ Ngọc Hoàng Long | J72: =IFERROR(__xludf.DUMMYFUNCTION("""COMPUTED_VALUE"""),"Xây dựng mô hình kinh doanh online nông sản tươi ngắn ngày") -> Xây dựng mô hình kinh doanh online nông sản tươi ngắn ngày | K72: =IFERROR(__xludf.DUMMYFUNCTION("""COMPUTED_VALUE"""),"Mô hình kinh doanh online ") -> Mô hình kinh doanh online | L72: =IFERROR(__xludf.DUMMYFUNCTION("""COMPUTED_VALUE""")," Bán sản phẩm nông sản tươi ngắn ngày ") -> Bán sản phẩm nông sản tươi ngắn ngày | Q72: =IFERROR(__xludf.DUMMYFUNCTION("""COMPUTED_VALUE"""),"TNDHLTK22_202610515") -> TNDHLTK22_202610515
A73: =IFERROR(__xludf.DUMMYFUNCTION("""COMPUTED_VALUE"""),46018.76051416667) -> 46018.761 | B73: =IFERROR(__xludf.DUMMYFUNCTION("""COMPUTED_VALUE"""),"hoangminh25603@gmail.com") -> hoangminh25603@gmail.com | C73: =IFERROR(__xludf.DUMMYFUNCTION("""COMPUTED_VALUE"""),1.22000056E8) -> 122000056 | D73: =IFERROR(__xludf.DUMMYFUNCTION("""COMPUTED_VALUE"""),"Nguyễn Mai Minh Hoàng") -> Nguyễn Mai Minh Hoàng | E73: =IFERROR(__xludf.DUMMYFUNCTION("""COMPUTED_VALUE"""),"0947339279") -> 0947339279 | F73: =IFERROR(__xludf.DUMMYFUNCTION("""COMPUTED_VALUE"""),"22EC111") -> 22EC111 | G73: =IFERROR(__xludf.DUMMYFUNCTION("""COMPUTED_VALUE"""),"Thực hiện đồ án tốt nghiệp") -> Thực hiện đồ án tốt nghiệp | H73: =IFERROR(__xludf.DUMMYFUNCTION("""COMPUTED_VALUE"""),"Hồ Ngọc Hoàng Long") -> Hồ Ngọc Hoàng Long | J73: =IFERROR(__xludf.DUMMYFUNCTION("""COMPUTED_VALUE"""),"Triển khai mô hình kinh doanh online cho cửa hàng đồ ăn vặt chú Mập") -> Triển khai mô hình kinh doanh online cho cửa hàng đồ ăn vặt chú Mập | K73: =IFERROR(__xludf.DUMMYFUNCTION("""COMPUTED_VALUE""")," mô hình kinh doanh online") -> mô hình kinh doanh online | L73: =IFERROR(__xludf.DUMMYFUNCTION("""COMPUTED_VALUE""")," triển khai mô hình kinh doanh onl") -> triển khai mô hình kinh doanh onl | Q73: =IFERROR(__xludf.DUMMYFUNCTION("""COMPUTED_VALUE"""),"TNDHLTK22_202610515") -> TNDHLTK22_202610515
A74: =IFERROR(__xludf.DUMMYFUNCTION("""COMPUTED_VALUE"""),46018.94603922454) -> 46018.946 | B74: =IFERROR(__xludf.DUMMYFUNCTION("""COMPUTED_VALUE"""),"nam.vuonghoang04@gmail.com") -> nam.vuonghoang04@gmail.com | C74: =IFERROR(__xludf.DUMMYFUNCTION("""COMPUTED_VALUE"""),1.22000401E8) -> 122000401 | D74: =IFERROR(__xludf.DUMMYFUNCTION("""COMPUTED_VALUE"""),"Vương Hoàng Nam") -> Vương Hoàng Nam | E74: =IFERROR(__xludf.DUMMYFUNCTION("""COMPUTED_VALUE"""),"0362567818") -> 0362567818 | F74: =IFERROR(__xludf.DUMMYFUNCTION("""COMPUTED_VALUE"""),"22CT113") -> 22CT113 | G74: =IFERROR(__xludf.DUMMYFUNCTION("""COMPUTED_VALUE"""),"Đặc cách tốt nghiệp") -> Đặc cách tốt nghiệp | H74: =IFERROR(__xludf.DUMMYFUNCTION("""COMPUTED_VALUE"""),"Đặc cách tốt nghiệp") -> Đặc cách tốt nghiệp | N74: =IFERROR(__xludf.DUMMYFUNCTION("""COMPUTED_VALUE"""),"Đạt giải Nhất Quốc Gia VietFuture 2025") -> Đạt giải Nhất Quốc Gia VietFuture 2025 | O74: =IFERROR(__xludf.DUMMYFUNCTION("""COMPUTED_VALUE"""),10.0) -> 10 | P74: =IFERROR(__xludf.DUMMYFUNCTION("""COMPUTED_VALUE"""),"https://drive.google.com/open?id=1diQWnuwzM-L3SsD3rrO7wdcKw4JszGIQ") -> https://drive.google.com/open?id=1diQWnuwzM-L3SsD3rrO7wdcKw4JszGIQ | Q74: =IFERROR(__xludf.DUMMYFUNCTION("""COMPUTED_VALUE"""),"TNDHLTK22_202610515") -> TNDHLTK22_202610515
A75: =IFERROR(__xludf.DUMMYFUNCTION("""COMPUTED_VALUE"""),46019.3078891551) -> 46019.308 | B75: =IFERROR(__xludf.DUMMYFUNCTION("""COMPUTED_VALUE"""),"truongnguyengiaps@gmail.com") -> truongnguyengiaps@gmail.com | C75: =IFERROR(__xludf.DUMMYFUNCTION("""COMPUTED_VALUE"""),1.22000224E8) -> 122000224 | D75: =IFERROR(__xludf.DUMMYFUNCTION("""COMPUTED_VALUE"""),"Trương Nguyên Giáp") -> Trương Nguyên Giáp | E75: =IFERROR(__xludf.DUMMYFUNCTION("""COMPUTED_VALUE"""),"0368609650") -> 0368609650 | F75: =IFERROR(__xludf.DUMMYFUNCTION("""COMPUTED_VALUE"""),"22CT111") -> 22CT111 | G75: =IFERROR(__xludf.DUMMYFUNCTION("""COMPUTED_VALUE"""),"Thực hiện đồ án tốt nghiệp") -> Thực hiện đồ án tốt nghiệp | H75: =IFERROR(__xludf.DUMMYFUNCTION("""COMPUTED_VALUE"""),"Nguyễn Minh Phúc") -> Nguyễn Minh Phúc | J75: =IFERROR(__xludf.DUMMYFUNCTION("""COMPUTED_VALUE"""),"XÂY DỰNG MODULE HỆ THỐNG GỢI Ý LỖI VÀ FEEDBACK TỰ ĐỘNG TRONG BÀI CÁC MÔN LẬP TRÌNH ") -> XÂY DỰNG MODULE HỆ THỐNG GỢI Ý LỖI VÀ FEEDBACK TỰ ĐỘNG TRONG BÀI CÁC MÔN LẬP TRÌNH | K75: =IFERROR(__xludf.DUMMYFUNCTION("""COMPUTED_VALUE"""),"• Xây dựng hệ thống có khả năng tiếp nhận đoạn mã lập trình từ sinh viên. • Tự động phân tích lỗi cú pháp, lỗi logic cơ bản và lỗi thường gặp. • Đưa ra gợi ý cách sửa, giải thích lỗi giúp sinh viên hiểu rõ vấn đề. • Thiết kế giao diện đơn giản, trực quan,"&" phù hợp để sinh viên dễ dàng sử dụng. • Giảm tải cho giảng viên trong việc kiểm tra lỗi của từng bài tập. • Hỗ trợ sinh viên tự học, tự sửa lỗi và nâng cao tư duy lập trình. ") -> • Xây dựng hệ thống có khả năng tiếp nhận đoạn mã lập trình từ sinh viên. • Tự động phân tích lỗi cú pháp, lỗi logic cơ bản và lỗi thường gặp. • Đưa ra gợi ý cách sửa, giải thích lỗi giúp sinh viên hiểu rõ vấn đề. • Thiết kế giao diện đơn giản, trực quan, phù hợp để sinh viên dễ dàng sử dụng. • Giảm tải cho giảng viên trong việc kiểm tra lỗi của từng bài tập. • Hỗ trợ sinh viên tự học, tự sửa lỗi và nâng cao tư duy lập trình. | L75: =IFERROR(__xludf.DUMMYFUNCTION("""COMPUTED_VALUE"""),". Khảo sát & phân tích yêu cầu . Đối tượng sử dụng . Chức năng chính của hệ thống . Chức năng chính của chatbot") -> . Khảo sát & phân tích yêu cầu . Đối tượng sử dụng . Chức năng chính của hệ thống . Chức năng chính của chatbot | M75: =IFERROR(__xludf.DUMMYFUNCTION("""COMPUTED_VALUE"""),"một số chỗ còn thiếu sót") -> một số chỗ còn thiếu sót | Q75: =IFERROR(__xludf.DUMMYFUNCTION("""COMPUTED_VALUE"""),"TNDHLTK22_202610515") -> TNDHLTK22_202610515
A76: =IFERROR(__xludf.DUMMYFUNCTION("""COMPUTED_VALUE"""),46019.485412766204) -> 46019.485 | B76: =IFERROR(__xludf.DUMMYFUNCTION("""COMPUTED_VALUE"""),"lequocanhlhu122001209@gmail.com") -> lequocanhlhu122001209@gmail.com | C76: =IFERROR(__xludf.DUMMYFUNCTION("""COMPUTED_VALUE"""),1.22001209E8) -> 122001209 | D76: =IFERROR(__xludf.DUMMYFUNCTION("""COMPUTED_VALUE"""),"Lê QUốc Anh") -> Lê QUốc Anh | E76: =IFERROR(__xludf.DUMMYFUNCTION("""COMPUTED_VALUE"""),"0387204605") -> 0387204605 | F76: =IFERROR(__xludf.DUMMYFUNCTION("""COMPUTED_VALUE"""),"22CT112") -> 22CT112 | G76: =IFERROR(__xludf.DUMMYFUNCTION("""COMPUTED_VALUE"""),"Thực hiện đồ án tốt nghiệp") -> Thực hiện đồ án tốt nghiệp | H76: =IFERROR(__xludf.DUMMYFUNCTION("""COMPUTED_VALUE"""),"Nguyễn Minh Phúc") -> Nguyễn Minh Phúc | J76: =IFERROR(__xludf.DUMMYFUNCTION("""COMPUTED_VALUE"""),"Xây dựng module phân loại trình độ sinh viên dựa trên điểm số và hành vi học tập") -> Xây dựng module phân loại trình độ sinh viên dựa trên điểm số và hành vi học tập | K76: =IFERROR(__xludf.DUMMYFUNCTION("""COMPUTED_VALUE"""),"Xây dựng một module phân loại trình độ sinh viên dựa trên điểm số và hành vi học tập, giúp đánh giá đúng năng lực thực tế theo từng môn học và từng kỹ năng. Ứng dụng các thuật toán KMeans và KNN để phân nhóm sinh viên, phát hiện điểm bất thường và hỗ trợ "&"giảng viên trong việc theo dõi, đánh giá quá trình học tập một cách khách quan và hiệu quả.") -> Xây dựng một module phân loại trình độ sinh viên dựa trên điểm số và hành vi học tập, giúp đánh giá đúng năng lực thực tế theo từng môn học và từng kỹ năng. Ứng dụng các thuật toán KMeans và KNN để phân nhóm sinh viên, phát hiện điểm bất thường và hỗ trợ giảng viên trong việc theo dõi, đánh giá quá trình học tập một cách khách quan và hiệu quả. | L76: =IFERROR(__xludf.DUMMYFUNCTION("""COMPUTED_VALUE"""),"Phân tích yêu cầu đề tài và xác định các tiêu chí đánh giá năng lực sinh viên. Thu thập, làm sạch và chuẩn hóa dữ liệu học tập và hành vi. Xây dựng và thử nghiệm mô hình phân loại bằng KMeans và KNN. Triển khai module phân tích kỹ năng theo từng môn học, "&"phát hiện các trường hợp điểm bất thường. Hoàn thiện giao diện hiển thị kết quả và tổng hợp báo cáo, thuyết trình đề tài.") -> Phân tích yêu cầu đề tài và xác định các tiêu chí đánh giá năng lực sinh viên. Thu thập, làm sạch và chuẩn hóa dữ liệu học tập và hành vi. Xây dựng và thử nghiệm mô hình phân loại bằng KMeans và KNN. Triển khai module phân tích kỹ năng theo từng môn học, phát hiện các trường hợp điểm bất thường. Hoàn thiện giao diện hiển thị kết quả và tổng hợp báo cáo, thuyết trình đề tài. | Q76: =IFERROR(__xludf.DUMMYFUNCTION("""COMPUTED_VALUE"""),"TNDHLTK22_202610515") -> TNDHLTK22_202610515
A77: =IFERROR(__xludf.DUMMYFUNCTION("""COMPUTED_VALUE"""),46019.90413033565) -> 46019.904 | B77: =IFERROR(__xludf.DUMMYFUNCTION("""COMPUTED_VALUE"""),"hoangbye789@gmail.com") -> hoangbye789@gmail.com | C77: =IFERROR(__xludf.DUMMYFUNCTION("""COMPUTED_VALUE"""),1.22000421E8) -> 122000421 | D77: =IFERROR(__xludf.DUMMYFUNCTION("""COMPUTED_VALUE"""),"Nguyễn Sơn Phi Hoàng") -> Nguyễn Sơn Phi Hoàng | E77: =IFERROR(__xludf.DUMMYFUNCTION("""COMPUTED_VALUE"""),"0346980771") -> 0346980771 | F77: =IFERROR(__xludf.DUMMYFUNCTION("""COMPUTED_VALUE"""),"22CT112") -> 22CT112 | G77: =IFERROR(__xludf.DUMMYFUNCTION("""COMPUTED_VALUE"""),"Thực hiện đồ án tốt nghiệp") -> Thực hiện đồ án tốt nghiệp | H77: =IFERROR(__xludf.DUMMYFUNCTION("""COMPUTED_VALUE"""),"Hồ Ngọc Hoàng Long") -> Hồ Ngọc Hoàng Long | J77: =IFERROR(__xludf.DUMMYFUNCTION("""COMPUTED_VALUE"""),"Ứng Dụng AI Học Ngoại Ngữ") -> Ứng Dụng AI Học Ngoại Ngữ | K77: =IFERROR(__xludf.DUMMYFUNCTION("""COMPUTED_VALUE"""),"Xây dựng nền tảng ""Ezi Languages"" hỗ trợ luyện thi tiếng Anh chuẩn VSTEP và CEFR. Ứng dụng trí tuệ nhân tạo (AI) để đánh giá năng lực đầu vào, cá nhân hóa lộ trình học và tự động chấm điểm, phản hồi tức thì cho 4 kỹ năng Nghe - Nói - Đọc - Viết. Cung cấ"&"p công cụ quản lý lớp học và theo dõi tiến độ cho giáo viên.") -> Xây dựng nền tảng "Ezi Languages" hỗ trợ luyện thi tiếng Anh chuẩn VSTEP và CEFR. Ứng dụng trí tuệ nhân tạo (AI) để đánh giá năng lực đầu vào, cá nhân hóa lộ trình học và tự động chấm điểm, phản hồi tức thì cho 4 kỹ năng Nghe - Nói - Đọc - Viết. Cung cấp công cụ quản lý lớp học và theo dõi tiến độ cho giáo viên. | L77: =IFERROR(__xludf.DUMMYFUNCTION("""COMPUTED_VALUE"""),"Phát triển hệ thống trên nền tảng Web sử dụng Next.js, TypeScript và Firebase tích hợp Genkit (Gemini AI). Triển khai các phân hệ chức năng: Xác thực và phân quyền người dùng; Bài kiểm tra đánh giá năng lực đầu vào; Hệ thống bài học tương tác đa cấp độ; A"&"I Coach luyện kỹ năng 1-1; Diễn đàn cộng đồng; Module quản lý lớp học, quản lý bài kiểm tra (Quiz) và báo cáo thống kê.") -> Phát triển hệ thống trên nền tảng Web sử dụng Next.js, TypeScript và Firebase tích hợp Genkit (Gemini AI). Triển khai các phân hệ chức năng: Xác thực và phân quyền người dùng; Bài kiểm tra đánh giá năng lực đầu vào; Hệ thống bài học tương tác đa cấp độ; AI Coach luyện kỹ năng 1-1; Diễn đàn cộng đồng; Module quản lý lớp học, quản lý bài kiểm tra (Quiz) và báo cáo thống kê. | Q77: =IFERROR(__xludf.DUMMYFUNCTION("""COMPUTED_VALUE"""),"TNDHLTK22_202610515") -> TNDHLTK22_202610515
A78: =IFERROR(__xludf.DUMMYFUNCTION("""COMPUTED_VALUE"""),46019.95855971065) -> 46019.959 | B78: =IFERROR(__xludf.DUMMYFUNCTION("""COMPUTED_VALUE"""),"trancamly0810@gmail.com") -> trancamly0810@gmail.com | C78: =IFERROR(__xludf.DUMMYFUNCTION("""COMPUTED_VALUE"""),1.22000798E8) -> 122000798 | D78: =IFERROR(__xludf.DUMMYFUNCTION("""COMPUTED_VALUE"""),"Trần Cẩm Ly") -> Trần Cẩm Ly | E78: =IFERROR(__xludf.DUMMYFUNCTION("""COMPUTED_VALUE"""),"0842958696") -> 0842958696 | F78: =IFERROR(__xludf.DUMMYFUNCTION("""COMPUTED_VALUE"""),"22CT113") -> 22CT113 | G78: =IFERROR(__xludf.DUMMYFUNCTION("""COMPUTED_VALUE"""),"Thực hiện đồ án tốt nghiệp") -> Thực hiện đồ án tốt nghiệp | H78: =IFERROR(__xludf.DUMMYFUNCTION("""COMPUTED_VALUE"""),"Hồ Ngọc Hoàng Long") -> Hồ Ngọc Hoàng Long | J78: =IFERROR(__xludf.DUMMYFUNCTION("""COMPUTED_VALUE"""),"SmartBuildAI-Hệ thống quản ví vlxd thông minh") -> SmartBuildAI-Hệ thống quản ví vlxd thông minh | K78: =IFERROR(__xludf.DUMMYFUNCTION("""COMPUTED_VALUE"""),"Quản lý công nợ Quản lý công nợ, hạn mức, tự động chặn đơn quá hạn 2. Nhập hàng Thông minh Quét tồn kho → gợi ý nhập → đề xuất NCC → duyệt & đặt hàng 3. Kênh Môi giới Thi công Kết nối người mua với nhà thầu đã xác thực, báo giá trực tuyến 4. AI Phân tích "&"Bản vẽ Nhà Upload bản vẽ → gợi ý vật liệu & số lượng → 1 click thêm giỏ 5. Giá B2B Đa cấp & Dự án Giá riêng cho khách lẻ – thầu – đại lý, theo hợp đồng/dự án ") -> Quản lý công nợ Quản lý công nợ, hạn mức, tự động chặn đơn quá hạn 2. Nhập hàng Thông minh Quét tồn kho → gợi ý nhập → đề xuất NCC → duyệt & đặt hàng 3. Kênh Môi giới Thi công Kết nối người mua với nhà thầu đã xác thực, báo giá trực tuyến 4. AI Phân tích Bản vẽ Nhà Upload bản vẽ → gợi ý vật liệu & số lượng → 1 click thêm giỏ 5. Giá B2B Đa cấp & Dự án Giá riêng cho khách lẻ – thầu – đại lý, theo hợp đồng/dự án | L78: =IFERROR(__xludf.DUMMYFUNCTION("""COMPUTED_VALUE"""),"Quản lý công nợ Quản lý công nợ, hạn mức, tự động chặn đơn quá hạn 2. Nhập hàng Thông minh Quét tồn kho → gợi ý nhập → đề xuất NCC → duyệt & đặt hàng 3. Kênh Môi giới Thi công Kết nối người mua với nhà thầu đã xác thực, báo giá trực tuyến 4. AI Phân tích "&"Bản vẽ Nhà Upload bản vẽ → gợi ý vật liệu & số lượng → 1 click thêm giỏ 5. Giá B2B Đa cấp & Dự án Giá riêng cho khách lẻ – thầu – đại lý, theo hợp đồng/dự án ") -> Quản lý công nợ Quản lý công nợ, hạn mức, tự động chặn đơn quá hạn 2. Nhập hàng Thông minh Quét tồn kho → gợi ý nhập → đề xuất NCC → duyệt & đặt hàng 3. Kênh Môi giới Thi công Kết nối người mua với nhà thầu đã xác thực, báo giá trực tuyến 4. AI Phân tích Bản vẽ Nhà Upload bản vẽ → gợi ý vật liệu & số lượng → 1 click thêm giỏ 5. Giá B2B Đa cấp & Dự án Giá riêng cho khách lẻ – thầu – đại lý, theo hợp đồng/dự án | Q78: =IFERROR(__xludf.DUMMYFUNCTION("""COMPUTED_VALUE"""),"TNDHLTK22_202610515") -> TNDHLTK22_202610515
A79: =IFERROR(__xludf.DUMMYFUNCTION("""COMPUTED_VALUE"""),46020.40807791667) -> 46020.408 | B79: =IFERROR(__xludf.DUMMYFUNCTION("""COMPUTED_VALUE"""),"ntai26032003@gmail.com") -> ntai26032003@gmail.com | C79: =IFERROR(__xludf.DUMMYFUNCTION("""COMPUTED_VALUE"""),1.220008E8) -> 122000800 | D79: =IFERROR(__xludf.DUMMYFUNCTION("""COMPUTED_VALUE"""),"Nguyễn Tấn Tài") -> Nguyễn Tấn Tài | E79: =IFERROR(__xludf.DUMMYFUNCTION("""COMPUTED_VALUE"""),"0787696539") -> 0787696539 | F79: =IFERROR(__xludf.DUMMYFUNCTION("""COMPUTED_VALUE"""),"22CT112") -> 22CT112 | G79: =IFERROR(__xludf.DUMMYFUNCTION("""COMPUTED_VALUE"""),"Thực hiện đồ án tốt nghiệp") -> Thực hiện đồ án tốt nghiệp | H79: =IFERROR(__xludf.DUMMYFUNCTION("""COMPUTED_VALUE"""),"Nguyễn Minh Phúc") -> Nguyễn Minh Phúc | I79: =IFERROR(__xludf.DUMMYFUNCTION("""COMPUTED_VALUE"""),"Nguyễn Tấn Tài") -> Nguyễn Tấn Tài | J79: =IFERROR(__xludf.DUMMYFUNCTION("""COMPUTED_VALUE"""),"Đề Xuất Bài Tập Theo Tiến Độ Học Tập Của Sinh Viên") -> Đề Xuất Bài Tập Theo Tiến Độ Học Tập Của Sinh Viên | K79: =IFERROR(__xludf.DUMMYFUNCTION("""COMPUTED_VALUE"""),"hoàn thành đề tài tốt nghiệp") -> hoàn thành đề tài tốt nghiệp | L79: =IFERROR(__xludf.DUMMYFUNCTION("""COMPUTED_VALUE"""),"Bắt đầu các quá trình còn lại của đề tài để hoàn thành đề tài") -> Bắt đầu các quá trình còn lại của đề tài để hoàn thành đề tài | M79: =IFERROR(__xludf.DUMMYFUNCTION("""COMPUTED_VALUE"""),"không") -> không | Q79: =IFERROR(__xludf.DUMMYFUNCTION("""COMPUTED_VALUE"""),"TNDHLTK22_202610515") -> TNDHLTK22_202610515
A80: =IFERROR(__xludf.DUMMYFUNCTION("""COMPUTED_VALUE"""),46020.409943252314) -> 46020.41 | B80: =IFERROR(__xludf.DUMMYFUNCTION("""COMPUTED_VALUE"""),"trandinhminh06052003@gmail.com") -> trandinhminh06052003@gmail.com | C80: =IFERROR(__xludf.DUMMYFUNCTION("""COMPUTED_VALUE"""),1.22001025E8) -> 122001025 | D80: =IFERROR(__xludf.DUMMYFUNCTION("""COMPUTED_VALUE"""),"Trần Đình Minh") -> Trần Đình Minh | E80: =IFERROR(__xludf.DUMMYFUNCTION("""COMPUTED_VALUE"""),"0352085391") -> 0352085391 | F80: =IFERROR(__xludf.DUMMYFUNCTION("""COMPUTED_VALUE"""),"22CT112") -> 22CT112 | G80: =IFERROR(__xludf.DUMMYFUNCTION("""COMPUTED_VALUE"""),"Thực hiện đồ án tốt nghiệp") -> Thực hiện đồ án tốt nghiệp | H80: =IFERROR(__xludf.DUMMYFUNCTION("""COMPUTED_VALUE"""),"Nguyễn Minh Phúc") -> Nguyễn Minh Phúc | J80: =IFERROR(__xludf.DUMMYFUNCTION("""COMPUTED_VALUE"""),"Đề xuất bài tập theo tiến độ sinh viên ") -> Đề xuất bài tập theo tiến độ sinh viên | K80: =IFERROR(__xludf.DUMMYFUNCTION("""COMPUTED_VALUE"""),"Hoàn thành đồ án tốt nghiệp ") -> Hoàn thành đồ án tốt nghiệp | L80: =IFERROR(__xludf.DUMMYFUNCTION("""COMPUTED_VALUE"""),"bắt đầu các quá trình còn lại của đề tài để hoàn thành đề tài ") -> bắt đầu các quá trình còn lại của đề tài để hoàn thành đề tài | M80: =IFERROR(__xludf.DUMMYFUNCTION("""COMPUTED_VALUE"""),"không ") -> không | Q80: =IFERROR(__xludf.DUMMYFUNCTION("""COMPUTED_VALUE"""),"TNDHLTK22_202610515") -> TNDHLTK22_202610515
A81: =IFERROR(__xludf.DUMMYFUNCTION("""COMPUTED_VALUE"""),46020.416679421294) -> 46020.417 | B81: =IFERROR(__xludf.DUMMYFUNCTION("""COMPUTED_VALUE"""),"nnguyendang687@gmail.com") -> nnguyendang687@gmail.com | C81: =IFERROR(__xludf.DUMMYFUNCTION("""COMPUTED_VALUE"""),1.22000476E8) -> 122000476 | D81: =IFERROR(__xludf.DUMMYFUNCTION("""COMPUTED_VALUE"""),"Nguyễn Đăng Thanh Nhã") -> Nguyễn Đăng Thanh Nhã | E81: =IFERROR(__xludf.DUMMYFUNCTION("""COMPUTED_VALUE"""),"0948509556") -> 0948509556 | F81: =IFERROR(__xludf.DUMMYFUNCTION("""COMPUTED_VALUE"""),"22CT114") -> 22CT114 | G81: =IFERROR(__xludf.DUMMYFUNCTION("""COMPUTED_VALUE"""),"Thực hiện đồ án tốt nghiệp") -> Thực hiện đồ án tốt nghiệp | H81: =IFERROR(__xludf.DUMMYFUNCTION("""COMPUTED_VALUE"""),"Bùi Xuân Cảnh") -> Bùi Xuân Cảnh | J81: =IFERROR(__xludf.DUMMYFUNCTION("""COMPUTED_VALUE"""),"Web quản lý tài chính và gợi ý tiết kiệm") -> Web quản lý tài chính và gợi ý tiết kiệm | K81: =IFERROR(__xludf.DUMMYFUNCTION("""COMPUTED_VALUE"""),"Mục tiêu là hoàn thành web quản lý") -> Mục tiêu là hoàn thành web quản lý | L81: =IFERROR(__xludf.DUMMYFUNCTION("""COMPUTED_VALUE"""),"Hoàn thành các chức năng cho hệ thống quản lý tài chính") -> Hoàn thành các chức năng cho hệ thống quản lý tài chính | Q81: =IFERROR(__xludf.DUMMYFUNCTION("""COMPUTED_VALUE"""),"TNDHLTK22_202610515") -> TNDHLTK22_202610515
A82: =IFERROR(__xludf.DUMMYFUNCTION("""COMPUTED_VALUE"""),46020.43248203704) -> 46020.432 | B82: =IFERROR(__xludf.DUMMYFUNCTION("""COMPUTED_VALUE"""),"dinhtamthao2004@gmail.com") -> dinhtamthao2004@gmail.com | C82: =IFERROR(__xludf.DUMMYFUNCTION("""COMPUTED_VALUE"""),1.22001005E8) -> 122001005 | D82: =IFERROR(__xludf.DUMMYFUNCTION("""COMPUTED_VALUE"""),"ĐINH TÂM THẢO") -> ĐINH TÂM THẢO | E82: =IFERROR(__xludf.DUMMYFUNCTION("""COMPUTED_VALUE"""),"0364860796") -> 0364860796 | F82: =IFERROR(__xludf.DUMMYFUNCTION("""COMPUTED_VALUE"""),"22CT114") -> 22CT114 | G82: =IFERROR(__xludf.DUMMYFUNCTION("""COMPUTED_VALUE"""),"Thực hiện đồ án tốt nghiệp") -> Thực hiện đồ án tốt nghiệp | H82: =IFERROR(__xludf.DUMMYFUNCTION("""COMPUTED_VALUE"""),"Phan Thiện Phước") -> Phan Thiện Phước | J82: =IFERROR(__xludf.DUMMYFUNCTION("""COMPUTED_VALUE"""),"Hệ thống học tập thông minh với API GEMINI ") -> Hệ thống học tập thông minh với API GEMINI | K82: =IFERROR(__xludf.DUMMYFUNCTION("""COMPUTED_VALUE"""),"Hệ thống website trực quan sinh động hỗ trợ học sinh trong việc học các chủ đề công nghệ AI mới . Có các bài tập theo dạng mô phỏng tạo hứng thú học tập. Đồng thời kết hợp với các API của Gemini để tương tác với người học. AI tạo lộ trình học tập qua b"&"ài kiểm tra đánh giá đầu vào của học sinh") -> Hệ thống website trực quan sinh động hỗ trợ học sinh trong việc học các chủ đề công nghệ AI mới . Có các bài tập theo dạng mô phỏng tạo hứng thú học tập. Đồng thời kết hợp với các API của Gemini để tương tác với người học. AI tạo lộ trình học tập qua bài kiểm tra đánh giá đầu vào của học sinh | L82: =IFERROR(__xludf.DUMMYFUNCTION("""COMPUTED_VALUE""")," - Làm bài tập tương tác và nhận xét từ AI. - AI sinh lộ trình học tập cho học sinh qua bài kiểm tra đầu vào") -> - Làm bài tập tương tác và nhận xét từ AI. - AI sinh lộ trình học tập cho học sinh qua bài kiểm tra đầu vào | Q82: =IFERROR(__xludf.DUMMYFUNCTION("""COMPUTED_VALUE"""),"TNDHLTK22_202610515") -> TNDHLTK22_202610515
A83: =IFERROR(__xludf.DUMMYFUNCTION("""COMPUTED_VALUE"""),46020.43280166667) -> 46020.433 | B83: =IFERROR(__xludf.DUMMYFUNCTION("""COMPUTED_VALUE"""),"longhihihihi18@gmail.com") -> longhihihihi18@gmail.com | C83: =IFERROR(__xludf.DUMMYFUNCTION("""COMPUTED_VALUE"""),1.22001047E8) -> 122001047 | D83: =IFERROR(__xludf.DUMMYFUNCTION("""COMPUTED_VALUE"""),"Chu Hoàng Long") -> Chu Hoàng Long | E83: =IFERROR(__xludf.DUMMYFUNCTION("""COMPUTED_VALUE"""),"0392837450") -> 0392837450 | F83: =IFERROR(__xludf.DUMMYFUNCTION("""COMPUTED_VALUE"""),"22CT114") -> 22CT114 | G83: =IFERROR(__xludf.DUMMYFUNCTION("""COMPUTED_VALUE"""),"Thực hiện đồ án tốt nghiệp") -> Thực hiện đồ án tốt nghiệp | H83: =IFERROR(__xludf.DUMMYFUNCTION("""COMPUTED_VALUE"""),"Phan Thiện Phước") -> Phan Thiện Phước | J83: =IFERROR(__xludf.DUMMYFUNCTION("""COMPUTED_VALUE"""),"Hệ thống học tập thông minh với API GEMINI") -> Hệ thống học tập thông minh với API GEMINI | K83: =IFERROR(__xludf.DUMMYFUNCTION("""COMPUTED_VALUE"""),"Xây dựng một hệ thống học tập thông minh ứng dụng API Gemini nhằm hỗ trợ người học cá nhân hóa lộ trình học tập, giải đáp kiến thức tự động và nâng cao hiệu quả tiếp thu. Hệ thống hướng đến việc giúp người học học tập chủ động hơn, tiết kiệm thời gian, đồ"&"ng thời hỗ trợ giảng viên trong việc theo dõi và đánh giá quá trình học tập của người học.") -> Xây dựng một hệ thống học tập thông minh ứng dụng API Gemini nhằm hỗ trợ người học cá nhân hóa lộ trình học tập, giải đáp kiến thức tự động và nâng cao hiệu quả tiếp thu. Hệ thống hướng đến việc giúp người học học tập chủ động hơn, tiết kiệm thời gian, đồng thời hỗ trợ giảng viên trong việc theo dõi và đánh giá quá trình học tập của người học. | L83: =IFERROR(__xludf.DUMMYFUNCTION("""COMPUTED_VALUE"""),"Nghiên cứu tổng quan về mô hình học tập thông minh và khả năng ứng dụng trí tuệ nhân tạo trong giáo dục Tìm hiểu và tích hợp API Gemini vào hệ thống để xử lý ngôn ngữ tự nhiên và sinh nội dung học tập Thiết kế và xây dựng hệ thống học tập gồm các chức năn"&"g chính: Gợi ý nội dung và lộ trình học phù hợp với trình độ người học Hỗ trợ hỏi – đáp kiến thức tự động Tạo bài luyện tập và giải thích đáp án Xây dựng giao diện web thân thiện cho người học Kiểm thử, đánh giá hiệu quả hệ thống và đề xuất hướng phát tri"&"ển mở rộng trong tương lai") -> Nghiên cứu tổng quan về mô hình học tập thông minh và khả năng ứng dụng trí tuệ nhân tạo trong giáo dục Tìm hiểu và tích hợp API Gemini vào hệ thống để xử lý ngôn ngữ tự nhiên và sinh nội dung học tập Thiết kế và xây dựng hệ thống học tập gồm các chức năng chính: Gợi ý nội dung và lộ trình học phù hợp với trình độ người học Hỗ trợ hỏi – đáp kiến thức tự động Tạo bài luyện tập và giải thích đáp án Xây dựng giao diện web thân thiện cho người học Kiểm thử, đánh giá hiệu quả hệ thống và đề xuất hướng phát triển mở rộng trong tương lai | Q83: =IFERROR(__xludf.DUMMYFUNCTION("""COMPUTED_VALUE"""),"TNDHLTK22_202610515") -> TNDHLTK22_202610515
A84: =IFERROR(__xludf.DUMMYFUNCTION("""COMPUTED_VALUE"""),46020.4329167824) -> 46020.433 | B84: =IFERROR(__xludf.DUMMYFUNCTION("""COMPUTED_VALUE"""),"anhtu300104@gmail.com") -> anhtu300104@gmail.com | C84: =IFERROR(__xludf.DUMMYFUNCTION("""COMPUTED_VALUE"""),1.22000973E8) -> 122000973 | D84: =IFERROR(__xludf.DUMMYFUNCTION("""COMPUTED_VALUE"""),"Phạm Trần Anh Tú ") -> Phạm Trần Anh Tú | E84: =IFERROR(__xludf.DUMMYFUNCTION("""COMPUTED_VALUE"""),"0923390094") -> 0923390094 | F84: =IFERROR(__xludf.DUMMYFUNCTION("""COMPUTED_VALUE"""),"22CT113") -> 22CT113 | G84: =IFERROR(__xludf.DUMMYFUNCTION("""COMPUTED_VALUE"""),"Thực hiện đồ án tốt nghiệp") -> Thực hiện đồ án tốt nghiệp | H84: =IFERROR(__xludf.DUMMYFUNCTION("""COMPUTED_VALUE"""),"Phan Thiện Phước") -> Phan Thiện Phước | I84: =IFERROR(__xludf.DUMMYFUNCTION("""COMPUTED_VALUE"""),"Phan Thiện Phước") -> Phan Thiện Phước | J84: =IFERROR(__xludf.DUMMYFUNCTION("""COMPUTED_VALUE"""),"Hệ thống học tập thông minh với API GEMINI ") -> Hệ thống học tập thông minh với API GEMINI | K84: =IFERROR(__xludf.DUMMYFUNCTION("""COMPUTED_VALUE"""),"Xây dựng một hệ thống học tập thông minh ứng dụng API Gemini nhằm hỗ trợ người học cá nhân hóa lộ trình học tập, giải đáp kiến thức tự động và nâng cao hiệu quả tiếp thu. Hệ thống hướng đến việc giúp người học học tập chủ động hơn, tiết kiệm thời gian, đồ"&"ng thời hỗ trợ giảng viên trong việc theo dõi và đánh giá quá trình học tập của người học.") -> Xây dựng một hệ thống học tập thông minh ứng dụng API Gemini nhằm hỗ trợ người học cá nhân hóa lộ trình học tập, giải đáp kiến thức tự động và nâng cao hiệu quả tiếp thu. Hệ thống hướng đến việc giúp người học học tập chủ động hơn, tiết kiệm thời gian, đồng thời hỗ trợ giảng viên trong việc theo dõi và đánh giá quá trình học tập của người học. | L84: =IFERROR(__xludf.DUMMYFUNCTION("""COMPUTED_VALUE"""),"Nghiên cứu tổng quan về mô hình học tập thông minh và khả năng ứng dụng trí tuệ nhân tạo trong giáo dục Tìm hiểu và tích hợp API Gemini vào hệ thống để xử lý ngôn ngữ tự nhiên và sinh nội dung học tập Thiết kế và xây dựng hệ thống học tập gồm các chức năn"&"g chính: Gợi ý nội dung và lộ trình học phù hợp với trình độ người học Hỗ trợ hỏi – đáp kiến thức tự động Tạo bài luyện tập và giải thích đáp án Xây dựng giao diện web thân thiện cho người học Kiểm thử, đánh giá hiệu quả hệ thống và đề xuất hướng phát tri"&"ển mở rộng trong tương lai") -> Nghiên cứu tổng quan về mô hình học tập thông minh và khả năng ứng dụng trí tuệ nhân tạo trong giáo dục Tìm hiểu và tích hợp API Gemini vào hệ thống để xử lý ngôn ngữ tự nhiên và sinh nội dung học tập Thiết kế và xây dựng hệ thống học tập gồm các chức năng chính: Gợi ý nội dung và lộ trình học phù hợp với trình độ người học Hỗ trợ hỏi – đáp kiến thức tự động Tạo bài luyện tập và giải thích đáp án Xây dựng giao diện web thân thiện cho người học Kiểm thử, đánh giá hiệu quả hệ thống và đề xuất hướng phát triển mở rộng trong tương lai | Q84: =IFERROR(__xludf.DUMMYFUNCTION("""COMPUTED_VALUE"""),"TNDHLTK22_202610515") -> TNDHLTK22_202610515
A85: =IFERROR(__xludf.DUMMYFUNCTION("""COMPUTED_VALUE"""),46020.56825939815) -> 46020.568 | B85: =IFERROR(__xludf.DUMMYFUNCTION("""COMPUTED_VALUE"""),"tienphucn970@gmail.com") -> tienphucn970@gmail.com | C85: =IFERROR(__xludf.DUMMYFUNCTION("""COMPUTED_VALUE"""),1.22000682E8) -> 122000682 | D85: =IFERROR(__xludf.DUMMYFUNCTION("""COMPUTED_VALUE"""),"Nguyễn Tiến Phúc") -> Nguyễn Tiến Phúc | E85: =IFERROR(__xludf.DUMMYFUNCTION("""COMPUTED_VALUE"""),"0824646679") -> 0824646679 | F85: =IFERROR(__xludf.DUMMYFUNCTION("""COMPUTED_VALUE"""),"22CT111") -> 22CT111 | G85: =IFERROR(__xludf.DUMMYFUNCTION("""COMPUTED_VALUE"""),"Thực hiện đồ án tốt nghiệp") -> Thực hiện đồ án tốt nghiệp | H85: =IFERROR(__xludf.DUMMYFUNCTION("""COMPUTED_VALUE"""),"Nguyễn Minh Phúc") -> Nguyễn Minh Phúc | J85: =IFERROR(__xludf.DUMMYFUNCTION("""COMPUTED_VALUE"""),"Đề xuất bài tập theo cấp độ nâng lực") -> Đề xuất bài tập theo cấp độ nâng lực | K85: =IFERROR(__xludf.DUMMYFUNCTION("""COMPUTED_VALUE"""),"Hoàn thành giao diện, liên kết được các dữ liệu sinh viên và đóng gói sản phẩm ") -> Hoàn thành giao diện, liên kết được các dữ liệu sinh viên và đóng gói sản phẩm | L85: =IFERROR(__xludf.DUMMYFUNCTION("""COMPUTED_VALUE"""),"Theo các tuần đã đề ra theo lịch trình ") -> Theo các tuần đã đề ra theo lịch trình | Q85: =IFERROR(__xludf.DUMMYFUNCTION("""COMPUTED_VALUE"""),"TNDHLTK22_202610515") -> TNDHLTK22_202610515
A86: =IFERROR(__xludf.DUMMYFUNCTION("""COMPUTED_VALUE"""),46020.63975497685) -> 46020.64 | B86: =IFERROR(__xludf.DUMMYFUNCTION("""COMPUTED_VALUE"""),"truonghoa28082004@gmail.com") -> truonghoa28082004@gmail.com | C86: =IFERROR(__xludf.DUMMYFUNCTION("""COMPUTED_VALUE"""),1.22000093E8) -> 122000093 | D86: =IFERROR(__xludf.DUMMYFUNCTION("""COMPUTED_VALUE"""),"Trương Quốc Hòa") -> Trương Quốc Hòa | E86: =IFERROR(__xludf.DUMMYFUNCTION("""COMPUTED_VALUE"""),"0778754895") -> 0778754895 | F86: =IFERROR(__xludf.DUMMYFUNCTION("""COMPUTED_VALUE"""),"22CT111") -> 22CT111 | G86: =IFERROR(__xludf.DUMMYFUNCTION("""COMPUTED_VALUE"""),"Thực hiện đồ án tốt nghiệp") -> Thực hiện đồ án tốt nghiệp | H86: =IFERROR(__xludf.DUMMYFUNCTION("""COMPUTED_VALUE"""),"Nguyễn Minh Phúc") -> Nguyễn Minh Phúc | J86: =IFERROR(__xludf.DUMMYFUNCTION("""COMPUTED_VALUE"""),"Phát hiện đạo văn trong bài tập lập trình") -> Phát hiện đạo văn trong bài tập lập trình | K86: =IFERROR(__xludf.DUMMYFUNCTION("""COMPUTED_VALUE"""),"Phân tích, so sánh mã nguồn dựa trên cấu trúc và logic thông qua thuật toán hoặc phương pháp so khớp, không chỉ dựa vào sự giống nhau về mặt cú pháp. Xây dựng một hệ thống thân thiện, dễ sử dụng cho giảng viên, tích hợp khả năng báo cáo và trực quan hóa k"&"ết quả.") -> Phân tích, so sánh mã nguồn dựa trên cấu trúc và logic thông qua thuật toán hoặc phương pháp so khớp, không chỉ dựa vào sự giống nhau về mặt cú pháp. Xây dựng một hệ thống thân thiện, dễ sử dụng cho giảng viên, tích hợp khả năng báo cáo và trực quan hóa kết quả. | L86: =IFERROR(__xludf.DUMMYFUNCTION("""COMPUTED_VALUE"""),"Triển khai 1 ứng dụng web cho phép giảng viên đưa bài tập của sinh viên lên theo dạng file nén (.zip hoặc .rar) và hệ thống sẽ tiến hành xử lý, phân tích và đưa ra tỷ lệ phần trăm đạo văn, ma trận tương đồng giữa các bài tập để dễ dàng quan sát và chấm đi"&"ểm một cách trực quan hơn, dễ dàng hơn và công bằng hơn.") -> Triển khai 1 ứng dụng web cho phép giảng viên đưa bài tập của sinh viên lên theo dạng file nén (.zip hoặc .rar) và hệ thống sẽ tiến hành xử lý, phân tích và đưa ra tỷ lệ phần trăm đạo văn, ma trận tương đồng giữa các bài tập để dễ dàng quan sát và chấm điểm một cách trực quan hơn, dễ dàng hơn và công bằng hơn. | Q86: =IFERROR(__xludf.DUMMYFUNCTION("""COMPUTED_VALUE"""),"TNDHLTK22_202610515") -> TNDHLTK22_202610515
A87: =IFERROR(__xludf.DUMMYFUNCTION("""COMPUTED_VALUE"""),46020.641372349535) -> 46020.641 | B87: =IFERROR(__xludf.DUMMYFUNCTION("""COMPUTED_VALUE"""),"sivo.280400@gmail.com") -> sivo.280400@gmail.com | C87: =IFERROR(__xludf.DUMMYFUNCTION("""COMPUTED_VALUE"""),1.22001067E8) -> 122001067 | D87: =IFERROR(__xludf.DUMMYFUNCTION("""COMPUTED_VALUE"""),"Võ Tuấn Sĩ") -> Võ Tuấn Sĩ | E87: =IFERROR(__xludf.DUMMYFUNCTION("""COMPUTED_VALUE"""),"0329135161") -> 0329135161 | F87: =IFERROR(__xludf.DUMMYFUNCTION("""COMPUTED_VALUE"""),"22CT112") -> 22CT112 | G87: =IFERROR(__xludf.DUMMYFUNCTION("""COMPUTED_VALUE"""),"Đặc cách tốt nghiệp") -> Đặc cách tốt nghiệp | H87: =IFERROR(__xludf.DUMMYFUNCTION("""COMPUTED_VALUE"""),"Đặc cách tốt nghiệp") -> Đặc cách tốt nghiệp | N87: =IFERROR(__xludf.DUMMYFUNCTION("""COMPUTED_VALUE"""),"Có giải thưởng trong các cuộc thi khoa học công nghệ (Nhất, nhì, ba, Khuyến khích)") -> Có giải thưởng trong các cuộc thi khoa học công nghệ (Nhất, nhì, ba, Khuyến khích) | O87: =IFERROR(__xludf.DUMMYFUNCTION("""COMPUTED_VALUE"""),10.0) -> 10 | P87: =IFERROR(__xludf.DUMMYFUNCTION("""COMPUTED_VALUE"""),"https://drive.google.com/open?id=18oYjPAt_1FQsz-Mp0xlk9b7TjYwEuudH") -> https://drive.google.com/open?id=18oYjPAt_1FQsz-Mp0xlk9b7TjYwEuudH | Q87: =IFERROR(__xludf.DUMMYFUNCTION("""COMPUTED_VALUE"""),"TNDHLTK22_202610515") -> TNDHLTK22_202610515
A88: =IFERROR(__xludf.DUMMYFUNCTION("""COMPUTED_VALUE"""),46020.64214138889) -> 46020.642 | B88: =IFERROR(__xludf.DUMMYFUNCTION("""COMPUTED_VALUE"""),"phambaominhthe1101@gmail.com") -> phambaominhthe1101@gmail.com | C88: =IFERROR(__xludf.DUMMYFUNCTION("""COMPUTED_VALUE"""),1.2200076E8) -> 122000760 | D88: =IFERROR(__xludf.DUMMYFUNCTION("""COMPUTED_VALUE"""),"Phạm Bảo Minh Thế") -> Phạm Bảo Minh Thế | E88: =IFERROR(__xludf.DUMMYFUNCTION("""COMPUTED_VALUE"""),"0985078964") -> 0985078964 | F88: =IFERROR(__xludf.DUMMYFUNCTION("""COMPUTED_VALUE"""),"22CT112") -> 22CT112 | G88: =IFERROR(__xludf.DUMMYFUNCTION("""COMPUTED_VALUE"""),"Đặc cách tốt nghiệp") -> Đặc cách tốt nghiệp | H88: =IFERROR(__xludf.DUMMYFUNCTION("""COMPUTED_VALUE"""),"Đặc cách tốt nghiệp") -> Đặc cách tốt nghiệp | N88: =IFERROR(__xludf.DUMMYFUNCTION("""COMPUTED_VALUE"""),"Có giải thưởng trong các cuộc thi khoa học công nghệ ") -> Có giải thưởng trong các cuộc thi khoa học công nghệ | O88: =IFERROR(__xludf.DUMMYFUNCTION("""COMPUTED_VALUE"""),10.0) -> 10 | P88: =IFERROR(__xludf.DUMMYFUNCTION("""COMPUTED_VALUE"""),"https://drive.google.com/open?id=1N2E5Z5z5yBjEXfCzI2l3JXO0TIBtfQeh") -> https://drive.google.com/open?id=1N2E5Z5z5yBjEXfCzI2l3JXO0TIBtfQeh | Q88: =IFERROR(__xludf.DUMMYFUNCTION("""COMPUTED_VALUE"""),"TNDHLTK22_202610515") -> TNDHLTK22_202610515
A89: =IFERROR(__xludf.DUMMYFUNCTION("""COMPUTED_VALUE"""),46020.64242753472) -> 46020.642 | B89: =IFERROR(__xludf.DUMMYFUNCTION("""COMPUTED_VALUE"""),"hoanggiahuyb2112@gmail.com") -> hoanggiahuyb2112@gmail.com | C89: =IFERROR(__xludf.DUMMYFUNCTION("""COMPUTED_VALUE"""),1.22001277E8) -> 122001277 | D89: =IFERROR(__xludf.DUMMYFUNCTION("""COMPUTED_VALUE"""),"Hoàng Gia Huy") -> Hoàng Gia Huy | E89: =IFERROR(__xludf.DUMMYFUNCTION("""COMPUTED_VALUE"""),"0971042524") -> 0971042524 | F89: =IFERROR(__xludf.DUMMYFUNCTION("""COMPUTED_VALUE"""),"22CT112") -> 22CT112 | G89: =IFERROR(__xludf.DUMMYFUNCTION("""COMPUTED_VALUE"""),"Đặc cách tốt nghiệp") -> Đặc cách tốt nghiệp | H89: =IFERROR(__xludf.DUMMYFUNCTION("""COMPUTED_VALUE"""),"Đặc cách tốt nghiệp") -> Đặc cách tốt nghiệp | N89: =IFERROR(__xludf.DUMMYFUNCTION("""COMPUTED_VALUE"""),"2. Có giải thưởng trong các cuộc thi khoa học công nghệ") -> 2. Có giải thưởng trong các cuộc thi khoa học công nghệ | O89: =IFERROR(__xludf.DUMMYFUNCTION("""COMPUTED_VALUE"""),10.0) -> 10 | P89: =IFERROR(__xludf.DUMMYFUNCTION("""COMPUTED_VALUE"""),"https://drive.google.com/open?id=1xqrP4y-oIhkWgaYw9OptdsEYBy1mN5oH") -> https://drive.google.com/open?id=1xqrP4y-oIhkWgaYw9OptdsEYBy1mN5oH | Q89: =IFERROR(__xludf.DUMMYFUNCTION("""COMPUTED_VALUE"""),"TNDHLTK22_202610515") -> TNDHLTK22_202610515
A90: =IFERROR(__xludf.DUMMYFUNCTION("""COMPUTED_VALUE"""),46020.64247413195) -> 46020.642 | B90: =IFERROR(__xludf.DUMMYFUNCTION("""COMPUTED_VALUE"""),"nguyentrungnghia.lhu@gmail.com") -> nguyentrungnghia.lhu@gmail.com | C90: =IFERROR(__xludf.DUMMYFUNCTION("""COMPUTED_VALUE"""),1.2200009E8) -> 122000090 | D90: =IFERROR(__xludf.DUMMYFUNCTION("""COMPUTED_VALUE"""),"Nguyễn Trung Nghĩa") -> Nguyễn Trung Nghĩa | E90: =IFERROR(__xludf.DUMMYFUNCTION("""COMPUTED_VALUE"""),"0839446137") -> 0839446137 | F90: =IFERROR(__xludf.DUMMYFUNCTION("""COMPUTED_VALUE"""),"22CT111") -> 22CT111 | G90: =IFERROR(__xludf.DUMMYFUNCTION("""COMPUTED_VALUE"""),"Thực hiện đồ án tốt nghiệp") -> Thực hiện đồ án tốt nghiệp | H90: =IFERROR(__xludf.DUMMYFUNCTION("""COMPUTED_VALUE"""),"Nguyễn Minh Phúc") -> Nguyễn Minh Phúc | J90: =IFERROR(__xludf.DUMMYFUNCTION("""COMPUTED_VALUE"""),"Phát hiện đạo văn trong bài tập lập trình ") -> Phát hiện đạo văn trong bài tập lập trình | K90: =IFERROR(__xludf.DUMMYFUNCTION("""COMPUTED_VALUE"""),"Phân tích, so sánh mã nguồn dựa trên cấu trúc và logic thông qua thuật toán hoặc phương pháp so khớp, không chỉ dựa vào sự giống nhau về mặt cú pháp. Xây dựng một hệ thống thân thiện, dễ sử dụng cho giảng viên, tích hợp khả năng báo cáo và trực quan hóa k"&"ết quả.") -> Phân tích, so sánh mã nguồn dựa trên cấu trúc và logic thông qua thuật toán hoặc phương pháp so khớp, không chỉ dựa vào sự giống nhau về mặt cú pháp. Xây dựng một hệ thống thân thiện, dễ sử dụng cho giảng viên, tích hợp khả năng báo cáo và trực quan hóa kết quả. | L90: =IFERROR(__xludf.DUMMYFUNCTION("""COMPUTED_VALUE"""),"Triển khai 1 ứng dụng web cho phép giảng viên đưa bài tập của sinh viên lên theo dạng file nén (.zip hoặc .rar) và hệ thống sẽ tiến hành xử lý, phân tích và đưa ra tỷ lệ phần trăm đạo văn, ma trận tương đồng giữa các bài tập để dễ dàng quan sát và chấm đi"&"ểm một cách trực quan hơn, dễ dàng hơn và công bằng hơn.") -> Triển khai 1 ứng dụng web cho phép giảng viên đưa bài tập của sinh viên lên theo dạng file nén (.zip hoặc .rar) và hệ thống sẽ tiến hành xử lý, phân tích và đưa ra tỷ lệ phần trăm đạo văn, ma trận tương đồng giữa các bài tập để dễ dàng quan sát và chấm điểm một cách trực quan hơn, dễ dàng hơn và công bằng hơn. | Q90: =IFERROR(__xludf.DUMMYFUNCTION("""COMPUTED_VALUE"""),"TNDHLTK22_202610515") -> TNDHLTK22_202610515
A91: =IFERROR(__xludf.DUMMYFUNCTION("""COMPUTED_VALUE"""),46020.64273445602) -> 46020.643 | B91: =IFERROR(__xludf.DUMMYFUNCTION("""COMPUTED_VALUE"""),"vamnaone@gmail.com") -> vamnaone@gmail.com | C91: =IFERROR(__xludf.DUMMYFUNCTION("""COMPUTED_VALUE"""),1.22000757E8) -> 122000757 | D91: =IFERROR(__xludf.DUMMYFUNCTION("""COMPUTED_VALUE"""),"Nguyễn Hoàng Hưng") -> Nguyễn Hoàng Hưng | E91: =IFERROR(__xludf.DUMMYFUNCTION("""COMPUTED_VALUE"""),"0833911375") -> 0833911375 | F91: =IFERROR(__xludf.DUMMYFUNCTION("""COMPUTED_VALUE"""),"22CT112") -> 22CT112 | G91: =IFERROR(__xludf.DUMMYFUNCTION("""COMPUTED_VALUE"""),"Đặc cách tốt nghiệp") -> Đặc cách tốt nghiệp | H91: =IFERROR(__xludf.DUMMYFUNCTION("""COMPUTED_VALUE"""),"Đặc cách tốt nghiệp") -> Đặc cách tốt nghiệp | N91: =IFERROR(__xludf.DUMMYFUNCTION("""COMPUTED_VALUE"""),2.0) -> 2 | O91: =IFERROR(__xludf.DUMMYFUNCTION("""COMPUTED_VALUE"""),10.0) -> 10 | P91: =IFERROR(__xludf.DUMMYFUNCTION("""COMPUTED_VALUE"""),"https://drive.google.com/open?id=14bx-r0z8BodKD6dH0KVMWEWhQxKO-tNy") -> https://drive.google.com/open?id=14bx-r0z8BodKD6dH0KVMWEWhQxKO-tNy | Q91: =IFERROR(__xludf.DUMMYFUNCTION("""COMPUTED_VALUE"""),"TNDHLTK22_202610515") -> TNDHLTK22_202610515
